[0.000000] (-) TimerEvent: {}
[0.000328] (-) JobUnselected: {'identifier': 'drive_base_msgs'}
[0.000415] (-) JobUnselected: {'identifier': 'micro_ros_setup'}
[0.000441] (-) JobUnselected: {'identifier': 'rover_teleop'}
[0.000462] (micro_ros_msgs) JobQueued: {'identifier': 'micro_ros_msgs', 'dependencies': OrderedDict()}
[0.000705] (micro_ros_agent) JobQueued: {'identifier': 'micro_ros_agent', 'dependencies': OrderedDict({'micro_ros_msgs': '/home/deimos/deimosExNihilo_ws/install/micro_ros_msgs'})}
[0.000845] (micro_ros_msgs) JobStarted: {'identifier': 'micro_ros_msgs'}
[0.009258] (micro_ros_msgs) JobProgress: {'identifier': 'micro_ros_msgs', 'progress': 'cmake'}
[0.009976] (micro_ros_msgs) Command: {'cmd': ['/usr/bin/cmake', '/home/deimos/deimosExNihilo_ws/src/uros/micro_ros_msgs', '-DUAGENT_BUILD_EXECUTABLE=OFF', '-DUAGENT_P2P_PROFILE=OFF', '--no-warn-unused-cli', '-DCMAKE_INSTALL_PREFIX=/home/deimos/deimosExNihilo_ws/install/micro_ros_msgs'], 'cwd': '/home/deimos/deimosExNihilo_ws/build/micro_ros_msgs', 'env': OrderedDict({'LESSOPEN': '| /usr/bin/lesspipe %s', 'USER': 'deimos', 'XDG_SESSION_TYPE': 'wayland', 'CLUTTER_DISABLE_MIPMAPPED_TEXT': '1', 'SHLVL': '2', 'LD_LIBRARY_PATH': '/home/deimos/uros_ws/install/micro_ros_agent/lib:/home/deimos/uros_ws/install/micro_ros_msgs/lib:/opt/ros/jazzy/opt/rviz_ogre_vendor/lib:/opt/ros/jazzy/lib/x86_64-linux-gnu:/opt/ros/jazzy/opt/gz_math_vendor/lib:/opt/ros/jazzy/opt/gz_utils_vendor/lib:/opt/ros/jazzy/opt/gz_cmake_vendor/lib:/opt/ros/jazzy/lib', 'HOME': '/home/deimos', 'OLDPWD': '/home/deimos/deimosExNihilo_ws/src', 'DESKTOP_SESSION': 'ubuntu', 'ROS_PYTHON_VERSION': '3', 'GNOME_SHELL_SESSION_MODE': 'ubuntu', 'GTK_MODULES': 'gail:atk-bridge', 'SYSTEMD_EXEC_PID': '2765', 'GSM_SKIP_SSH_AGENT_WORKAROUND': 'true', 'DBUS_SESSION_BUS_ADDRESS': 'unix:path=/run/user/1000/bus', 'COLORTERM': 'truecolor', 'DEBUGINFOD_URLS': 'https://debuginfod.ubuntu.com', 'IM_CONFIG_PHASE': '1', 'WAYLAND_DISPLAY': 'wayland-0', 'COLCON_PREFIX_PATH': '/home/deimos/deimosExNihilo_ws/install:/home/deimos/uros_ws/install:/home/deimos/microros_teensy_ws/install', 'ROS_DISTRO': 'jazzy', 'LOGNAME': 'deimos', '_': '/usr/bin/colcon', 'ROS_VERSION': '2', 'MEMORY_PRESSURE_WATCH': '/sys/fs/cgroup/user.slice/user-1000.slice/user@1000.service/session.slice/org.gnome.Shell@wayland.service/memory.pressure', 'XDG_SESSION_CLASS': 'user', 'USERNAME': 'deimos', 'TERM': 'xterm-256color', 'GNOME_DESKTOP_SESSION_ID': 'this-is-deprecated', 'PATH': '/opt/ros/jazzy/bin:/usr/local/sbin:/usr/local/bin:/usr/sbin:/usr/bin:/sbin:/bin:/usr/games:/usr/local/games:/snap/bin:/snap/bin:/home/deimos/.platformio/penv/bin:/home/deimos/.platformio/penv/bin', 'SESSION_MANAGER': 'local/deimos-groundStation:@/tmp/.ICE-unix/2724,unix/deimos-groundStation:/tmp/.ICE-unix/2724', 'XDG_MENU_PREFIX': 'gnome-', 'GNOME_TERMINAL_SCREEN': '/org/gnome/Terminal/screen/da4f67b7_cb47_4a34_98b9_6cd861fe3923', 'GNOME_SETUP_DISPLAY': ':1', 'XDG_RUNTIME_DIR': '/run/user/1000', 'DISPLAY': ':0', 'LANG': 'en_US.UTF-8', 'XDG_CURRENT_DESKTOP': 'ubuntu:GNOME', 'XMODIFIERS': '@im=ibus', 'XDG_SESSION_DESKTOP': 'ubuntu', 'XAUTHORITY': '/run/user/1000/.mutter-Xwaylandauth.D0FTJ3', 'LS_COLORS': 'rs=0:di=01;34:ln=01;36:mh=00:pi=40;33:so=01;35:do=01;35:bd=40;33;01:cd=40;33;01:or=40;31;01:mi=00:su=37;41:sg=30;43:ca=00:tw=30;42:ow=34;42:st=37;44:ex=01;32:*.tar=01;31:*.tgz=01;31:*.arc=01;31:*.arj=01;31:*.taz=01;31:*.lha=01;31:*.lz4=01;31:*.lzh=01;31:*.lzma=01;31:*.tlz=01;31:*.txz=01;31:*.tzo=01;31:*.t7z=01;31:*.zip=01;31:*.z=01;31:*.dz=01;31:*.gz=01;31:*.lrz=01;31:*.lz=01;31:*.lzo=01;31:*.xz=01;31:*.zst=01;31:*.tzst=01;31:*.bz2=01;31:*.bz=01;31:*.tbz=01;31:*.tbz2=01;31:*.tz=01;31:*.deb=01;31:*.rpm=01;31:*.jar=01;31:*.war=01;31:*.ear=01;31:*.sar=01;31:*.rar=01;31:*.alz=01;31:*.ace=01;31:*.zoo=01;31:*.cpio=01;31:*.7z=01;31:*.rz=01;31:*.cab=01;31:*.wim=01;31:*.swm=01;31:*.dwm=01;31:*.esd=01;31:*.avif=01;35:*.jpg=01;35:*.jpeg=01;35:*.mjpg=01;35:*.mjpeg=01;35:*.gif=01;35:*.bmp=01;35:*.pbm=01;35:*.pgm=01;35:*.ppm=01;35:*.tga=01;35:*.xbm=01;35:*.xpm=01;35:*.tif=01;35:*.tiff=01;35:*.png=01;35:*.svg=01;35:*.svgz=01;35:*.mng=01;35:*.pcx=01;35:*.mov=01;35:*.mpg=01;35:*.mpeg=01;35:*.m2v=01;35:*.mkv=01;35:*.webm=01;35:*.webp=01;35:*.ogm=01;35:*.mp4=01;35:*.m4v=01;35:*.mp4v=01;35:*.vob=01;35:*.qt=01;35:*.nuv=01;35:*.wmv=01;35:*.asf=01;35:*.rm=01;35:*.rmvb=01;35:*.flc=01;35:*.avi=01;35:*.fli=01;35:*.flv=01;35:*.gl=01;35:*.dl=01;35:*.xcf=01;35:*.xwd=01;35:*.yuv=01;35:*.cgm=01;35:*.emf=01;35:*.ogv=01;35:*.ogx=01;35:*.aac=00;36:*.au=00;36:*.flac=00;36:*.m4a=00;36:*.mid=00;36:*.midi=00;36:*.mka=00;36:*.mp3=00;36:*.mpc=00;36:*.ogg=00;36:*.ra=00;36:*.wav=00;36:*.oga=00;36:*.opus=00;36:*.spx=00;36:*.xspf=00;36:*~=00;90:*#=00;90:*.bak=00;90:*.crdownload=00;90:*.dpkg-dist=00;90:*.dpkg-new=00;90:*.dpkg-old=00;90:*.dpkg-tmp=00;90:*.old=00;90:*.orig=00;90:*.part=00;90:*.rej=00;90:*.rpmnew=00;90:*.rpmorig=00;90:*.rpmsave=00;90:*.swp=00;90:*.tmp=00;90:*.ucf-dist=00;90:*.ucf-new=00;90:*.ucf-old=00;90:', 'GNOME_TERMINAL_SERVICE': ':1.262', 'SSH_AUTH_SOCK': '/run/user/1000/keyring/ssh', 'AMENT_PREFIX_PATH': '/home/deimos/deimosExNihilo_ws/install/rover_teleop:/home/deimos/deimosExNihilo_ws/install/micro_ros_setup:/home/deimos/uros_ws/install/micro_ros_agent:/home/deimos/uros_ws/install/micro_ros_msgs:/home/deimos/microros_teensy_ws/install/micro_ros_setup:/opt/ros/jazzy', 'SHELL': '/bin/bash', 'QT_ACCESSIBILITY': '1', 'GDMSESSION': 'ubuntu', 'LESSCLOSE': '/usr/bin/lesspipe %s %s', 'ROS_AUTOMATIC_DISCOVERY_RANGE': 'SUBNET', 'QT_IM_MODULE': 'ibus', 'PWD': '/home/deimos/deimosExNihilo_ws/build/micro_ros_msgs', 'XDG_CONFIG_DIRS': '/etc/xdg/xdg-ubuntu:/etc/xdg', 'XDG_DATA_DIRS': '/usr/share/ubuntu:/usr/share/gnome:/usr/local/share/:/usr/share/:/var/lib/snapd/desktop', 'PYTHONPATH': '/home/deimos/deimosExNihilo_ws/install/rover_teleop/lib/python3.12/site-packages:/home/deimos/uros_ws/install/micro_ros_msgs/lib/python3.12/site-packages:/opt/ros/jazzy/lib/python3.12/site-packages', 'COLCON': '1', 'MEMORY_PRESSURE_WRITE': 'c29tZSAyMDAwMDAgMjAwMDAwMAA=', 'VTE_VERSION': '7600', 'CMAKE_PREFIX_PATH': '/home/deimos/deimosExNihilo_ws/install/micro_ros_setup:/home/deimos/uros_ws/install/micro_ros_agent:/home/deimos/uros_ws/install/micro_ros_msgs:/home/deimos/microros_teensy_ws/install/micro_ros_setup:/opt/ros/jazzy/opt/gz_math_vendor:/opt/ros/jazzy/opt/gz_utils_vendor:/opt/ros/jazzy/opt/gz_cmake_vendor:/home/deimos/deimosExNihilo_ws/install/rover_teleop:/opt/ros/jazzy'}), 'shell': False}
[0.020710] (micro_ros_msgs) StdoutLine: {'line': b'Not searching for unused variables given on the command line.\n'}
[0.085281] (micro_ros_msgs) StdoutLine: {'line': b'-- The C compiler identification is GNU 13.3.0\n'}
[0.099753] (-) TimerEvent: {}
[0.158773] (micro_ros_msgs) StdoutLine: {'line': b'-- The CXX compiler identification is GNU 13.3.0\n'}
[0.180370] (micro_ros_msgs) StdoutLine: {'line': b'-- Detecting C compiler ABI info\n'}
[0.199871] (-) TimerEvent: {}
[0.287955] (micro_ros_msgs) StdoutLine: {'line': b'-- Detecting C compiler ABI info - done\n'}
[0.299952] (-) TimerEvent: {}
[0.301562] (micro_ros_msgs) StdoutLine: {'line': b'-- Check for working C compiler: /usr/bin/cc - skipped\n'}
[0.301901] (micro_ros_msgs) StdoutLine: {'line': b'-- Detecting C compile features\n'}
[0.302238] (micro_ros_msgs) StdoutLine: {'line': b'-- Detecting C compile features - done\n'}
[0.315975] (micro_ros_msgs) StdoutLine: {'line': b'-- Detecting CXX compiler ABI info\n'}
[0.400123] (-) TimerEvent: {}
[0.454537] (micro_ros_msgs) StdoutLine: {'line': b'-- Detecting CXX compiler ABI info - done\n'}
[0.473705] (micro_ros_msgs) StdoutLine: {'line': b'-- Check for working CXX compiler: /usr/bin/c++ - skipped\n'}
[0.474214] (micro_ros_msgs) StdoutLine: {'line': b'-- Detecting CXX compile features\n'}
[0.474936] (micro_ros_msgs) StdoutLine: {'line': b'-- Detecting CXX compile features - done\n'}
[0.478648] (micro_ros_msgs) StdoutLine: {'line': b'-- Found ament_cmake: 2.5.5 (/opt/ros/jazzy/share/ament_cmake/cmake)\n'}
[0.500361] (-) TimerEvent: {}
[0.600814] (-) TimerEvent: {}
[0.684785] (micro_ros_msgs) StdoutLine: {'line': b'-- Found Python3: /usr/bin/python3 (found version "3.12.3") found components: Interpreter \n'}
[0.700922] (-) TimerEvent: {}
[0.801338] (-) TimerEvent: {}
[0.808701] (micro_ros_msgs) StdoutLine: {'line': b'-- Found rosidl_default_generators: 1.6.0 (/opt/ros/jazzy/share/rosidl_default_generators/cmake)\n'}
[0.814898] (micro_ros_msgs) StdoutLine: {'line': b'-- Using all available rosidl_typesupport_c: rosidl_typesupport_fastrtps_c;rosidl_typesupport_introspection_c\n'}
[0.872712] (micro_ros_msgs) StdoutLine: {'line': b'-- Using all available rosidl_typesupport_cpp: rosidl_typesupport_fastrtps_cpp;rosidl_typesupport_introspection_cpp\n'}
[0.901515] (-) TimerEvent: {}
[0.919311] (micro_ros_msgs) StdoutLine: {'line': b'-- Found rosidl_adapter: 4.6.7 (/opt/ros/jazzy/share/rosidl_adapter/cmake)\n'}
[0.922931] (micro_ros_msgs) StdoutLine: {'line': b'-- Found ament_lint_auto: 0.17.4 (/opt/ros/jazzy/share/ament_lint_auto/cmake)\n'}
[1.001715] (-) TimerEvent: {}
[1.101998] (-) TimerEvent: {}
[1.202309] (-) TimerEvent: {}
[1.302693] (-) TimerEvent: {}
[1.403008] (-) TimerEvent: {}
[1.503378] (-) TimerEvent: {}
[1.603754] (-) TimerEvent: {}
[1.695658] (micro_ros_msgs) StdoutLine: {'line': b'-- Found ament_cmake_ros: 0.12.0 (/opt/ros/jazzy/share/ament_cmake_ros/cmake)\n'}
[1.703833] (-) TimerEvent: {}
[1.804111] (-) TimerEvent: {}
[1.904489] (-) TimerEvent: {}
[2.004756] (-) TimerEvent: {}
[2.105051] (-) TimerEvent: {}
[2.205363] (-) TimerEvent: {}
[2.254464] (micro_ros_msgs) StdoutLine: {'line': b'-- Using all available rosidl_typesupport_c: rosidl_typesupport_fastrtps_c;rosidl_typesupport_introspection_c\n'}
[2.305512] (-) TimerEvent: {}
[2.405940] (-) TimerEvent: {}
[2.506353] (-) TimerEvent: {}
[2.606804] (-) TimerEvent: {}
[2.707166] (-) TimerEvent: {}
[2.807523] (-) TimerEvent: {}
[2.907931] (-) TimerEvent: {}
[3.008329] (-) TimerEvent: {}
[3.012418] (micro_ros_msgs) StdoutLine: {'line': b'-- Using all available rosidl_typesupport_cpp: rosidl_typesupport_fastrtps_cpp;rosidl_typesupport_introspection_cpp\n'}
[3.015593] (micro_ros_msgs) StdoutLine: {'line': b'-- Found python_cmake_module: 0.11.1 (/opt/ros/jazzy/share/python_cmake_module/cmake)\n'}
[3.108484] (-) TimerEvent: {}
[3.208851] (-) TimerEvent: {}
[3.232475] (micro_ros_msgs) StdoutLine: {'line': b'-- Found PythonExtra: /usr/bin/python3  \n'}
[3.309020] (-) TimerEvent: {}
[3.409470] (-) TimerEvent: {}
[3.509951] (-) TimerEvent: {}
[3.610370] (-) TimerEvent: {}
[3.710804] (-) TimerEvent: {}
[3.811165] (-) TimerEvent: {}
[3.911630] (-) TimerEvent: {}
[3.954622] (micro_ros_msgs) StdoutLine: {'line': b'-- Found Python3: /usr/bin/python3 (found version "3.12.3") found components: Interpreter Development NumPy Development.Module Development.Embed \n'}
[4.002588] (micro_ros_msgs) StdoutLine: {'line': b"-- Added test 'copyright' to check source files copyright and LICENSE\n"}
[4.010070] (micro_ros_msgs) StdoutLine: {'line': b"-- Added test 'lint_cmake' to check CMake code style\n"}
[4.011768] (-) TimerEvent: {}
[4.014424] (micro_ros_msgs) StdoutLine: {'line': b"-- Added test 'xmllint' to check XML markup files\n"}
[4.019089] (micro_ros_msgs) StdoutLine: {'line': b'-- Configuring done (4.0s)\n'}
[4.060136] (micro_ros_msgs) StdoutLine: {'line': b'-- Generating done (0.0s)\n'}
[4.074005] (micro_ros_msgs) StdoutLine: {'line': b'-- Build files have been written to: /home/deimos/deimosExNihilo_ws/build/micro_ros_msgs\n'}
[4.083159] (micro_ros_msgs) CommandEnded: {'returncode': 0}
[4.084716] (micro_ros_msgs) JobProgress: {'identifier': 'micro_ros_msgs', 'progress': 'build'}
[4.084754] (micro_ros_msgs) Command: {'cmd': ['/usr/bin/cmake', '--build', '/home/deimos/deimosExNihilo_ws/build/micro_ros_msgs', '--', '-j12', '-l12'], 'cwd': '/home/deimos/deimosExNihilo_ws/build/micro_ros_msgs', 'env': OrderedDict({'LESSOPEN': '| /usr/bin/lesspipe %s', 'USER': 'deimos', 'XDG_SESSION_TYPE': 'wayland', 'CLUTTER_DISABLE_MIPMAPPED_TEXT': '1', 'SHLVL': '2', 'LD_LIBRARY_PATH': '/home/deimos/uros_ws/install/micro_ros_agent/lib:/home/deimos/uros_ws/install/micro_ros_msgs/lib:/opt/ros/jazzy/opt/rviz_ogre_vendor/lib:/opt/ros/jazzy/lib/x86_64-linux-gnu:/opt/ros/jazzy/opt/gz_math_vendor/lib:/opt/ros/jazzy/opt/gz_utils_vendor/lib:/opt/ros/jazzy/opt/gz_cmake_vendor/lib:/opt/ros/jazzy/lib', 'HOME': '/home/deimos', 'OLDPWD': '/home/deimos/deimosExNihilo_ws/src', 'DESKTOP_SESSION': 'ubuntu', 'ROS_PYTHON_VERSION': '3', 'GNOME_SHELL_SESSION_MODE': 'ubuntu', 'GTK_MODULES': 'gail:atk-bridge', 'SYSTEMD_EXEC_PID': '2765', 'GSM_SKIP_SSH_AGENT_WORKAROUND': 'true', 'DBUS_SESSION_BUS_ADDRESS': 'unix:path=/run/user/1000/bus', 'COLORTERM': 'truecolor', 'DEBUGINFOD_URLS': 'https://debuginfod.ubuntu.com', 'IM_CONFIG_PHASE': '1', 'WAYLAND_DISPLAY': 'wayland-0', 'COLCON_PREFIX_PATH': '/home/deimos/deimosExNihilo_ws/install:/home/deimos/uros_ws/install:/home/deimos/microros_teensy_ws/install', 'ROS_DISTRO': 'jazzy', 'LOGNAME': 'deimos', '_': '/usr/bin/colcon', 'ROS_VERSION': '2', 'MEMORY_PRESSURE_WATCH': '/sys/fs/cgroup/user.slice/user-1000.slice/user@1000.service/session.slice/org.gnome.Shell@wayland.service/memory.pressure', 'XDG_SESSION_CLASS': 'user', 'USERNAME': 'deimos', 'TERM': 'xterm-256color', 'GNOME_DESKTOP_SESSION_ID': 'this-is-deprecated', 'PATH': '/opt/ros/jazzy/bin:/usr/local/sbin:/usr/local/bin:/usr/sbin:/usr/bin:/sbin:/bin:/usr/games:/usr/local/games:/snap/bin:/snap/bin:/home/deimos/.platformio/penv/bin:/home/deimos/.platformio/penv/bin', 'SESSION_MANAGER': 'local/deimos-groundStation:@/tmp/.ICE-unix/2724,unix/deimos-groundStation:/tmp/.ICE-unix/2724', 'XDG_MENU_PREFIX': 'gnome-', 'GNOME_TERMINAL_SCREEN': '/org/gnome/Terminal/screen/da4f67b7_cb47_4a34_98b9_6cd861fe3923', 'GNOME_SETUP_DISPLAY': ':1', 'XDG_RUNTIME_DIR': '/run/user/1000', 'DISPLAY': ':0', 'LANG': 'en_US.UTF-8', 'XDG_CURRENT_DESKTOP': 'ubuntu:GNOME', 'XMODIFIERS': '@im=ibus', 'XDG_SESSION_DESKTOP': 'ubuntu', 'XAUTHORITY': '/run/user/1000/.mutter-Xwaylandauth.D0FTJ3', 'LS_COLORS': 'rs=0:di=01;34:ln=01;36:mh=00:pi=40;33:so=01;35:do=01;35:bd=40;33;01:cd=40;33;01:or=40;31;01:mi=00:su=37;41:sg=30;43:ca=00:tw=30;42:ow=34;42:st=37;44:ex=01;32:*.tar=01;31:*.tgz=01;31:*.arc=01;31:*.arj=01;31:*.taz=01;31:*.lha=01;31:*.lz4=01;31:*.lzh=01;31:*.lzma=01;31:*.tlz=01;31:*.txz=01;31:*.tzo=01;31:*.t7z=01;31:*.zip=01;31:*.z=01;31:*.dz=01;31:*.gz=01;31:*.lrz=01;31:*.lz=01;31:*.lzo=01;31:*.xz=01;31:*.zst=01;31:*.tzst=01;31:*.bz2=01;31:*.bz=01;31:*.tbz=01;31:*.tbz2=01;31:*.tz=01;31:*.deb=01;31:*.rpm=01;31:*.jar=01;31:*.war=01;31:*.ear=01;31:*.sar=01;31:*.rar=01;31:*.alz=01;31:*.ace=01;31:*.zoo=01;31:*.cpio=01;31:*.7z=01;31:*.rz=01;31:*.cab=01;31:*.wim=01;31:*.swm=01;31:*.dwm=01;31:*.esd=01;31:*.avif=01;35:*.jpg=01;35:*.jpeg=01;35:*.mjpg=01;35:*.mjpeg=01;35:*.gif=01;35:*.bmp=01;35:*.pbm=01;35:*.pgm=01;35:*.ppm=01;35:*.tga=01;35:*.xbm=01;35:*.xpm=01;35:*.tif=01;35:*.tiff=01;35:*.png=01;35:*.svg=01;35:*.svgz=01;35:*.mng=01;35:*.pcx=01;35:*.mov=01;35:*.mpg=01;35:*.mpeg=01;35:*.m2v=01;35:*.mkv=01;35:*.webm=01;35:*.webp=01;35:*.ogm=01;35:*.mp4=01;35:*.m4v=01;35:*.mp4v=01;35:*.vob=01;35:*.qt=01;35:*.nuv=01;35:*.wmv=01;35:*.asf=01;35:*.rm=01;35:*.rmvb=01;35:*.flc=01;35:*.avi=01;35:*.fli=01;35:*.flv=01;35:*.gl=01;35:*.dl=01;35:*.xcf=01;35:*.xwd=01;35:*.yuv=01;35:*.cgm=01;35:*.emf=01;35:*.ogv=01;35:*.ogx=01;35:*.aac=00;36:*.au=00;36:*.flac=00;36:*.m4a=00;36:*.mid=00;36:*.midi=00;36:*.mka=00;36:*.mp3=00;36:*.mpc=00;36:*.ogg=00;36:*.ra=00;36:*.wav=00;36:*.oga=00;36:*.opus=00;36:*.spx=00;36:*.xspf=00;36:*~=00;90:*#=00;90:*.bak=00;90:*.crdownload=00;90:*.dpkg-dist=00;90:*.dpkg-new=00;90:*.dpkg-old=00;90:*.dpkg-tmp=00;90:*.old=00;90:*.orig=00;90:*.part=00;90:*.rej=00;90:*.rpmnew=00;90:*.rpmorig=00;90:*.rpmsave=00;90:*.swp=00;90:*.tmp=00;90:*.ucf-dist=00;90:*.ucf-new=00;90:*.ucf-old=00;90:', 'GNOME_TERMINAL_SERVICE': ':1.262', 'SSH_AUTH_SOCK': '/run/user/1000/keyring/ssh', 'AMENT_PREFIX_PATH': '/home/deimos/deimosExNihilo_ws/install/rover_teleop:/home/deimos/deimosExNihilo_ws/install/micro_ros_setup:/home/deimos/uros_ws/install/micro_ros_agent:/home/deimos/uros_ws/install/micro_ros_msgs:/home/deimos/microros_teensy_ws/install/micro_ros_setup:/opt/ros/jazzy', 'SHELL': '/bin/bash', 'QT_ACCESSIBILITY': '1', 'GDMSESSION': 'ubuntu', 'LESSCLOSE': '/usr/bin/lesspipe %s %s', 'ROS_AUTOMATIC_DISCOVERY_RANGE': 'SUBNET', 'QT_IM_MODULE': 'ibus', 'PWD': '/home/deimos/deimosExNihilo_ws/build/micro_ros_msgs', 'XDG_CONFIG_DIRS': '/etc/xdg/xdg-ubuntu:/etc/xdg', 'XDG_DATA_DIRS': '/usr/share/ubuntu:/usr/share/gnome:/usr/local/share/:/usr/share/:/var/lib/snapd/desktop', 'PYTHONPATH': '/home/deimos/deimosExNihilo_ws/install/rover_teleop/lib/python3.12/site-packages:/home/deimos/uros_ws/install/micro_ros_msgs/lib/python3.12/site-packages:/opt/ros/jazzy/lib/python3.12/site-packages', 'COLCON': '1', 'MEMORY_PRESSURE_WRITE': 'c29tZSAyMDAwMDAgMjAwMDAwMAA=', 'VTE_VERSION': '7600', 'CMAKE_PREFIX_PATH': '/home/deimos/deimosExNihilo_ws/install/micro_ros_setup:/home/deimos/uros_ws/install/micro_ros_agent:/home/deimos/uros_ws/install/micro_ros_msgs:/home/deimos/microros_teensy_ws/install/micro_ros_setup:/opt/ros/jazzy/opt/gz_math_vendor:/opt/ros/jazzy/opt/gz_utils_vendor:/opt/ros/jazzy/opt/gz_cmake_vendor:/home/deimos/deimosExNihilo_ws/install/rover_teleop:/opt/ros/jazzy'}), 'shell': False}
[4.111926] (-) TimerEvent: {}
[4.157795] (micro_ros_msgs) StdoutLine: {'line': b'[  1%] \x1b[34m\x1b[1mGenerating type hashes for ROS interfaces\x1b[0m\n'}
[4.173620] (micro_ros_msgs) StdoutLine: {'line': b'[  1%] Built target ament_cmake_python_copy_micro_ros_msgs\n'}
[4.212164] (-) TimerEvent: {}
[4.312594] (-) TimerEvent: {}
[4.412983] (-) TimerEvent: {}
[4.451040] (micro_ros_msgs) StdoutLine: {'line': b'running egg_info\n'}
[4.452230] (micro_ros_msgs) StdoutLine: {'line': b'creating micro_ros_msgs.egg-info\n'}
[4.455393] (micro_ros_msgs) StdoutLine: {'line': b'[  1%] Built target micro_ros_msgs__rosidl_generator_type_description\n'}
[4.469015] (micro_ros_msgs) StdoutLine: {'line': b'[  3%] \x1b[34m\x1b[1mGenerating C code for ROS interfaces\x1b[0m\n'}
[4.474157] (micro_ros_msgs) StdoutLine: {'line': b'writing micro_ros_msgs.egg-info/PKG-INFO\n'}
[4.474444] (micro_ros_msgs) StdoutLine: {'line': b'writing dependency_links to micro_ros_msgs.egg-info/dependency_links.txt\n'}
[4.474648] (micro_ros_msgs) StdoutLine: {'line': b'writing top-level names to micro_ros_msgs.egg-info/top_level.txt\n'}
[4.474769] (micro_ros_msgs) StdoutLine: {'line': b"writing manifest file 'micro_ros_msgs.egg-info/SOURCES.txt'\n"}
[4.482911] (micro_ros_msgs) StdoutLine: {'line': b'[  5%] \x1b[34m\x1b[1mGenerating C++ code for ROS interfaces\x1b[0m\n'}
[4.513119] (-) TimerEvent: {}
[4.535729] (micro_ros_msgs) StdoutLine: {'line': b"reading manifest file 'micro_ros_msgs.egg-info/SOURCES.txt'\n"}
[4.536339] (micro_ros_msgs) StdoutLine: {'line': b"writing manifest file 'micro_ros_msgs.egg-info/SOURCES.txt'\n"}
[4.573425] (micro_ros_msgs) StdoutLine: {'line': b'[  5%] Built target ament_cmake_python_build_micro_ros_msgs_egg\n'}
[4.613251] (-) TimerEvent: {}
[4.713687] (-) TimerEvent: {}
[4.813970] (-) TimerEvent: {}
[4.885935] (micro_ros_msgs) StdoutLine: {'line': b'[  5%] Built target micro_ros_msgs__cpp\n'}
[4.914673] (-) TimerEvent: {}
[4.960591] (micro_ros_msgs) StdoutLine: {'line': b'[  7%] \x1b[32mBuilding C object CMakeFiles/micro_ros_msgs__rosidl_generator_c.dir/rosidl_generator_c/micro_ros_msgs/msg/detail/graph__type_support.c.o\x1b[0m\n'}
[4.961774] (micro_ros_msgs) StdoutLine: {'line': b'[  9%] \x1b[32mBuilding C object CMakeFiles/micro_ros_msgs__rosidl_generator_c.dir/rosidl_generator_c/micro_ros_msgs/msg/detail/entity__type_support.c.o\x1b[0m\n'}
[4.962912] (micro_ros_msgs) StdoutLine: {'line': b'[ 11%] \x1b[32mBuilding C object CMakeFiles/micro_ros_msgs__rosidl_generator_c.dir/rosidl_generator_c/micro_ros_msgs/msg/detail/graph__description.c.o\x1b[0m\n'}
[4.964726] (micro_ros_msgs) StdoutLine: {'line': b'[ 12%] \x1b[32mBuilding C object CMakeFiles/micro_ros_msgs__rosidl_generator_c.dir/rosidl_generator_c/micro_ros_msgs/msg/detail/node__description.c.o\x1b[0m\n'}
[4.965110] (micro_ros_msgs) StdoutLine: {'line': b'[ 16%] \x1b[32mBuilding C object CMakeFiles/micro_ros_msgs__rosidl_generator_c.dir/rosidl_generator_c/micro_ros_msgs/msg/detail/graph__functions.c.o\x1b[0m\n'}
[4.965467] (micro_ros_msgs) StdoutLine: {'line': b'[ 16%] \x1b[32mBuilding C object CMakeFiles/micro_ros_msgs__rosidl_generator_c.dir/rosidl_generator_c/micro_ros_msgs/msg/detail/node__functions.c.o\x1b[0m\n'}
[4.966025] (micro_ros_msgs) StdoutLine: {'line': b'[ 18%] \x1b[32mBuilding C object CMakeFiles/micro_ros_msgs__rosidl_generator_c.dir/rosidl_generator_c/micro_ros_msgs/msg/detail/node__type_support.c.o\x1b[0m\n'}
[4.966647] (micro_ros_msgs) StdoutLine: {'line': b'[ 22%] \x1b[32mBuilding C object CMakeFiles/micro_ros_msgs__rosidl_generator_c.dir/rosidl_generator_c/micro_ros_msgs/msg/detail/entity__functions.c.o\x1b[0m\n'}
[4.967013] (micro_ros_msgs) StdoutLine: {'line': b'[ 22%] \x1b[32mBuilding C object CMakeFiles/micro_ros_msgs__rosidl_generator_c.dir/rosidl_generator_c/micro_ros_msgs/msg/detail/entity__description.c.o\x1b[0m\n'}
[5.014793] (-) TimerEvent: {}
[5.037358] (micro_ros_msgs) StdoutLine: {'line': b'[ 24%] \x1b[32m\x1b[1mLinking C shared library libmicro_ros_msgs__rosidl_generator_c.so\x1b[0m\n'}
[5.084317] (micro_ros_msgs) StdoutLine: {'line': b'[ 24%] Built target micro_ros_msgs__rosidl_generator_c\n'}
[5.098478] (micro_ros_msgs) StdoutLine: {'line': b'[ 25%] \x1b[34m\x1b[1mGenerating C++ type support for eProsima Fast-RTPS\x1b[0m\n'}
[5.098986] (micro_ros_msgs) StdoutLine: {'line': b'[ 27%] \x1b[34m\x1b[1mGenerating C++ introspection for ROS interfaces\x1b[0m\n'}
[5.100796] (micro_ros_msgs) StdoutLine: {'line': b'[ 29%] \x1b[34m\x1b[1mGenerating C++ type support dispatch for ROS interfaces\x1b[0m\n'}
[5.102017] (micro_ros_msgs) StdoutLine: {'line': b'[ 31%] \x1b[34m\x1b[1mGenerating C type support for eProsima Fast-RTPS\x1b[0m\n'}
[5.102420] (micro_ros_msgs) StdoutLine: {'line': b'[ 35%] \x1b[34m\x1b[1mGenerating C type support dispatch for ROS interfaces\x1b[0m\n'}
[5.102692] (micro_ros_msgs) StdoutLine: {'line': b'[ 35%] \x1b[34m\x1b[1mGenerating C introspection for ROS interfaces\x1b[0m\n'}
[5.114951] (-) TimerEvent: {}
[5.215400] (-) TimerEvent: {}
[5.315758] (-) TimerEvent: {}
[5.416100] (-) TimerEvent: {}
[5.516664] (-) TimerEvent: {}
[5.542868] (micro_ros_msgs) StdoutLine: {'line': b'[ 38%] \x1b[32mBuilding CXX object CMakeFiles/micro_ros_msgs__rosidl_typesupport_c.dir/rosidl_typesupport_c/micro_ros_msgs/msg/graph__type_support.cpp.o\x1b[0m\n'}
[5.543198] (micro_ros_msgs) StdoutLine: {'line': b'[ 38%] \x1b[32mBuilding C object CMakeFiles/micro_ros_msgs__rosidl_typesupport_introspection_c.dir/rosidl_typesupport_introspection_c/micro_ros_msgs/msg/detail/graph__type_support.c.o\x1b[0m\n'}
[5.543396] (micro_ros_msgs) StdoutLine: {'line': b'[ 40%] \x1b[32mBuilding C object CMakeFiles/micro_ros_msgs__rosidl_typesupport_introspection_c.dir/rosidl_typesupport_introspection_c/micro_ros_msgs/msg/detail/node__type_support.c.o\x1b[0m\n'}
[5.546304] (micro_ros_msgs) StdoutLine: {'line': b'[ 42%] \x1b[32mBuilding CXX object CMakeFiles/micro_ros_msgs__rosidl_typesupport_c.dir/rosidl_typesupport_c/micro_ros_msgs/msg/node__type_support.cpp.o\x1b[0m\n'}
[5.555194] (micro_ros_msgs) StdoutLine: {'line': b'[ 44%] \x1b[32mBuilding C object CMakeFiles/micro_ros_msgs__rosidl_typesupport_introspection_c.dir/rosidl_typesupport_introspection_c/micro_ros_msgs/msg/detail/entity__type_support.c.o\x1b[0m\n'}
[5.555545] (micro_ros_msgs) StdoutLine: {'line': b'[ 46%] \x1b[32mBuilding CXX object CMakeFiles/micro_ros_msgs__rosidl_typesupport_c.dir/rosidl_typesupport_c/micro_ros_msgs/msg/entity__type_support.cpp.o\x1b[0m\n'}
[5.557414] (micro_ros_msgs) StdoutLine: {'line': b'[ 48%] \x1b[32mBuilding CXX object CMakeFiles/micro_ros_msgs__rosidl_typesupport_cpp.dir/rosidl_typesupport_cpp/micro_ros_msgs/msg/node__type_support.cpp.o\x1b[0m\n'}
[5.562854] (micro_ros_msgs) StdoutLine: {'line': b'[ 50%] \x1b[32mBuilding CXX object CMakeFiles/micro_ros_msgs__rosidl_typesupport_cpp.dir/rosidl_typesupport_cpp/micro_ros_msgs/msg/graph__type_support.cpp.o\x1b[0m\n'}
[5.567713] (micro_ros_msgs) StdoutLine: {'line': b'[ 51%] \x1b[32mBuilding CXX object CMakeFiles/micro_ros_msgs__rosidl_typesupport_fastrtps_cpp.dir/rosidl_typesupport_fastrtps_cpp/micro_ros_msgs/msg/detail/dds_fastrtps/graph__type_support.cpp.o\x1b[0m\n'}
[5.569507] (micro_ros_msgs) StdoutLine: {'line': b'[ 53%] \x1b[32mBuilding CXX object CMakeFiles/micro_ros_msgs__rosidl_typesupport_cpp.dir/rosidl_typesupport_cpp/micro_ros_msgs/msg/entity__type_support.cpp.o\x1b[0m\n'}
[5.575712] (micro_ros_msgs) StdoutLine: {'line': b'[ 55%] \x1b[32mBuilding CXX object CMakeFiles/micro_ros_msgs__rosidl_typesupport_introspection_cpp.dir/rosidl_typesupport_introspection_cpp/micro_ros_msgs/msg/detail/graph__type_support.cpp.o\x1b[0m\n'}
[5.601923] (micro_ros_msgs) StdoutLine: {'line': b'[ 59%] \x1b[32mBuilding CXX object CMakeFiles/micro_ros_msgs__rosidl_typesupport_fastrtps_cpp.dir/rosidl_typesupport_fastrtps_cpp/micro_ros_msgs/msg/detail/dds_fastrtps/node__type_support.cpp.o\x1b[0m\n'}
[5.603107] (micro_ros_msgs) StdoutLine: {'line': b'[ 59%] \x1b[32mBuilding CXX object CMakeFiles/micro_ros_msgs__rosidl_typesupport_introspection_cpp.dir/rosidl_typesupport_introspection_cpp/micro_ros_msgs/msg/detail/node__type_support.cpp.o\x1b[0m\n'}
[5.611863] (micro_ros_msgs) StdoutLine: {'line': b'[ 61%] \x1b[32mBuilding CXX object CMakeFiles/micro_ros_msgs__rosidl_typesupport_fastrtps_cpp.dir/rosidl_typesupport_fastrtps_cpp/micro_ros_msgs/msg/detail/dds_fastrtps/entity__type_support.cpp.o\x1b[0m\n'}
[5.618720] (-) TimerEvent: {}
[5.619811] (micro_ros_msgs) StdoutLine: {'line': b'[ 62%] \x1b[32m\x1b[1mLinking C shared library libmicro_ros_msgs__rosidl_typesupport_introspection_c.so\x1b[0m\n'}
[5.620750] (micro_ros_msgs) StdoutLine: {'line': b'[ 64%] \x1b[32mBuilding CXX object CMakeFiles/micro_ros_msgs__rosidl_typesupport_introspection_cpp.dir/rosidl_typesupport_introspection_cpp/micro_ros_msgs/msg/detail/entity__type_support.cpp.o\x1b[0m\n'}
[5.629137] (micro_ros_msgs) StdoutLine: {'line': b'[ 66%] \x1b[32m\x1b[1mLinking CXX shared library libmicro_ros_msgs__rosidl_typesupport_c.so\x1b[0m\n'}
[5.673838] (micro_ros_msgs) StdoutLine: {'line': b'[ 66%] Built target micro_ros_msgs__rosidl_typesupport_introspection_c\n'}
[5.703672] (micro_ros_msgs) StdoutLine: {'line': b'[ 66%] Built target micro_ros_msgs__rosidl_typesupport_c\n'}
[5.718855] (-) TimerEvent: {}
[5.737069] (micro_ros_msgs) StdoutLine: {'line': b'[ 68%] \x1b[32mBuilding CXX object CMakeFiles/micro_ros_msgs__rosidl_typesupport_fastrtps_c.dir/rosidl_typesupport_fastrtps_c/micro_ros_msgs/msg/detail/node__type_support_c.cpp.o\x1b[0m\n'}
[5.739338] (micro_ros_msgs) StdoutLine: {'line': b'[ 70%] \x1b[32mBuilding CXX object CMakeFiles/micro_ros_msgs__rosidl_typesupport_fastrtps_c.dir/rosidl_typesupport_fastrtps_c/micro_ros_msgs/msg/detail/graph__type_support_c.cpp.o\x1b[0m\n'}
[5.739682] (micro_ros_msgs) StdoutLine: {'line': b'[ 72%] \x1b[32mBuilding CXX object CMakeFiles/micro_ros_msgs__rosidl_typesupport_fastrtps_c.dir/rosidl_typesupport_fastrtps_c/micro_ros_msgs/msg/detail/entity__type_support_c.cpp.o\x1b[0m\n'}
[5.819017] (-) TimerEvent: {}
[5.919681] (-) TimerEvent: {}
[6.020670] (-) TimerEvent: {}
[6.121330] (-) TimerEvent: {}
[6.130700] (micro_ros_msgs) StdoutLine: {'line': b'[ 74%] \x1b[32m\x1b[1mLinking CXX shared library libmicro_ros_msgs__rosidl_typesupport_cpp.so\x1b[0m\n'}
[6.205564] (micro_ros_msgs) StdoutLine: {'line': b'[ 74%] Built target micro_ros_msgs__rosidl_typesupport_cpp\n'}
[6.221471] (-) TimerEvent: {}
[6.321880] (-) TimerEvent: {}
[6.349127] (micro_ros_msgs) StdoutLine: {'line': b'[ 75%] \x1b[32m\x1b[1mLinking CXX shared library libmicro_ros_msgs__rosidl_typesupport_introspection_cpp.so\x1b[0m\n'}
[6.422091] (-) TimerEvent: {}
[6.466293] (micro_ros_msgs) StdoutLine: {'line': b'[ 75%] Built target micro_ros_msgs__rosidl_typesupport_introspection_cpp\n'}
[6.513653] (micro_ros_msgs) StdoutLine: {'line': b'[ 77%] \x1b[32m\x1b[1mLinking CXX shared library libmicro_ros_msgs__rosidl_typesupport_fastrtps_cpp.so\x1b[0m\n'}
[6.522238] (-) TimerEvent: {}
[6.603541] (micro_ros_msgs) StdoutLine: {'line': b'[ 79%] \x1b[32m\x1b[1mLinking CXX shared library libmicro_ros_msgs__rosidl_typesupport_fastrtps_c.so\x1b[0m\n'}
[6.614160] (micro_ros_msgs) StdoutLine: {'line': b'[ 79%] Built target micro_ros_msgs__rosidl_typesupport_fastrtps_cpp\n'}
[6.622471] (-) TimerEvent: {}
[6.701544] (micro_ros_msgs) StdoutLine: {'line': b'[ 79%] Built target micro_ros_msgs__rosidl_typesupport_fastrtps_c\n'}
[6.722635] (-) TimerEvent: {}
[6.729903] (micro_ros_msgs) StdoutLine: {'line': b'[ 79%] Built target micro_ros_msgs\n'}
[6.763284] (micro_ros_msgs) StdoutLine: {'line': b'[ 81%] \x1b[34m\x1b[1mGenerating Python code for ROS interfaces\x1b[0m\n'}
[6.822859] (-) TimerEvent: {}
[6.923278] (-) TimerEvent: {}
[7.023699] (-) TimerEvent: {}
[7.124114] (-) TimerEvent: {}
[7.224531] (-) TimerEvent: {}
[7.278117] (micro_ros_msgs) StdoutLine: {'line': b'[ 81%] Built target micro_ros_msgs__py\n'}
[7.309620] (micro_ros_msgs) StdoutLine: {'line': b'[ 83%] \x1b[32mBuilding C object CMakeFiles/micro_ros_msgs__rosidl_generator_py.dir/rosidl_generator_py/micro_ros_msgs/msg/_graph_s.c.o\x1b[0m\n'}
[7.311526] (micro_ros_msgs) StdoutLine: {'line': b'[ 85%] \x1b[32mBuilding C object CMakeFiles/micro_ros_msgs__rosidl_generator_py.dir/rosidl_generator_py/micro_ros_msgs/msg/_node_s.c.o\x1b[0m\n'}
[7.311956] (micro_ros_msgs) StdoutLine: {'line': b'[ 87%] \x1b[32mBuilding C object CMakeFiles/micro_ros_msgs__rosidl_generator_py.dir/rosidl_generator_py/micro_ros_msgs/msg/_entity_s.c.o\x1b[0m\n'}
[7.324735] (-) TimerEvent: {}
[7.425188] (-) TimerEvent: {}
[7.495045] (micro_ros_msgs) StdoutLine: {'line': b'[ 88%] \x1b[32m\x1b[1mLinking C shared library libmicro_ros_msgs__rosidl_generator_py.so\x1b[0m\n'}
[7.525333] (-) TimerEvent: {}
[7.555138] (micro_ros_msgs) StdoutLine: {'line': b'[ 88%] Built target micro_ros_msgs__rosidl_generator_py\n'}
[7.589077] (micro_ros_msgs) StdoutLine: {'line': b'[ 90%] \x1b[32mBuilding C object CMakeFiles/micro_ros_msgs_s__rosidl_typesupport_introspection_c.dir/rosidl_generator_py/micro_ros_msgs/_micro_ros_msgs_s.ep.rosidl_typesupport_introspection_c.c.o\x1b[0m\n'}
[7.590432] (micro_ros_msgs) StdoutLine: {'line': b'[ 94%] \x1b[32mBuilding C object CMakeFiles/micro_ros_msgs_s__rosidl_typesupport_fastrtps_c.dir/rosidl_generator_py/micro_ros_msgs/_micro_ros_msgs_s.ep.rosidl_typesupport_fastrtps_c.c.o\x1b[0m\n'}
[7.590835] (micro_ros_msgs) StdoutLine: {'line': b'[ 94%] \x1b[32mBuilding C object CMakeFiles/micro_ros_msgs_s__rosidl_typesupport_c.dir/rosidl_generator_py/micro_ros_msgs/_micro_ros_msgs_s.ep.rosidl_typesupport_c.c.o\x1b[0m\n'}
[7.625602] (-) TimerEvent: {}
[7.723510] (micro_ros_msgs) StdoutLine: {'line': b'[ 96%] \x1b[32m\x1b[1mLinking C shared module rosidl_generator_py/micro_ros_msgs/micro_ros_msgs_s__rosidl_typesupport_introspection_c.so\x1b[0m\n'}
[7.725667] (-) TimerEvent: {}
[7.726999] (micro_ros_msgs) StdoutLine: {'line': b'[ 98%] \x1b[32m\x1b[1mLinking C shared module rosidl_generator_py/micro_ros_msgs/micro_ros_msgs_s__rosidl_typesupport_c.so\x1b[0m\n'}
[7.758398] (micro_ros_msgs) StdoutLine: {'line': b'[100%] \x1b[32m\x1b[1mLinking C shared module rosidl_generator_py/micro_ros_msgs/micro_ros_msgs_s__rosidl_typesupport_fastrtps_c.so\x1b[0m\n'}
[7.765708] (micro_ros_msgs) StdoutLine: {'line': b'[100%] Built target micro_ros_msgs_s__rosidl_typesupport_c\n'}
[7.766787] (micro_ros_msgs) StdoutLine: {'line': b'[100%] Built target micro_ros_msgs_s__rosidl_typesupport_introspection_c\n'}
[7.802751] (micro_ros_msgs) StdoutLine: {'line': b'[100%] Built target micro_ros_msgs_s__rosidl_typesupport_fastrtps_c\n'}
[7.820427] (micro_ros_msgs) CommandEnded: {'returncode': 0}
[7.821561] (micro_ros_msgs) JobProgress: {'identifier': 'micro_ros_msgs', 'progress': 'install'}
[7.825799] (-) TimerEvent: {}
[7.835022] (micro_ros_msgs) Command: {'cmd': ['/usr/bin/cmake', '--install', '/home/deimos/deimosExNihilo_ws/build/micro_ros_msgs'], 'cwd': '/home/deimos/deimosExNihilo_ws/build/micro_ros_msgs', 'env': OrderedDict({'LESSOPEN': '| /usr/bin/lesspipe %s', 'USER': 'deimos', 'XDG_SESSION_TYPE': 'wayland', 'CLUTTER_DISABLE_MIPMAPPED_TEXT': '1', 'SHLVL': '2', 'LD_LIBRARY_PATH': '/home/deimos/uros_ws/install/micro_ros_agent/lib:/home/deimos/uros_ws/install/micro_ros_msgs/lib:/opt/ros/jazzy/opt/rviz_ogre_vendor/lib:/opt/ros/jazzy/lib/x86_64-linux-gnu:/opt/ros/jazzy/opt/gz_math_vendor/lib:/opt/ros/jazzy/opt/gz_utils_vendor/lib:/opt/ros/jazzy/opt/gz_cmake_vendor/lib:/opt/ros/jazzy/lib', 'HOME': '/home/deimos', 'OLDPWD': '/home/deimos/deimosExNihilo_ws/src', 'DESKTOP_SESSION': 'ubuntu', 'ROS_PYTHON_VERSION': '3', 'GNOME_SHELL_SESSION_MODE': 'ubuntu', 'GTK_MODULES': 'gail:atk-bridge', 'SYSTEMD_EXEC_PID': '2765', 'GSM_SKIP_SSH_AGENT_WORKAROUND': 'true', 'DBUS_SESSION_BUS_ADDRESS': 'unix:path=/run/user/1000/bus', 'COLORTERM': 'truecolor', 'DEBUGINFOD_URLS': 'https://debuginfod.ubuntu.com', 'IM_CONFIG_PHASE': '1', 'WAYLAND_DISPLAY': 'wayland-0', 'COLCON_PREFIX_PATH': '/home/deimos/deimosExNihilo_ws/install:/home/deimos/uros_ws/install:/home/deimos/microros_teensy_ws/install', 'ROS_DISTRO': 'jazzy', 'LOGNAME': 'deimos', '_': '/usr/bin/colcon', 'ROS_VERSION': '2', 'MEMORY_PRESSURE_WATCH': '/sys/fs/cgroup/user.slice/user-1000.slice/user@1000.service/session.slice/org.gnome.Shell@wayland.service/memory.pressure', 'XDG_SESSION_CLASS': 'user', 'USERNAME': 'deimos', 'TERM': 'xterm-256color', 'GNOME_DESKTOP_SESSION_ID': 'this-is-deprecated', 'PATH': '/opt/ros/jazzy/bin:/usr/local/sbin:/usr/local/bin:/usr/sbin:/usr/bin:/sbin:/bin:/usr/games:/usr/local/games:/snap/bin:/snap/bin:/home/deimos/.platformio/penv/bin:/home/deimos/.platformio/penv/bin', 'SESSION_MANAGER': 'local/deimos-groundStation:@/tmp/.ICE-unix/2724,unix/deimos-groundStation:/tmp/.ICE-unix/2724', 'XDG_MENU_PREFIX': 'gnome-', 'GNOME_TERMINAL_SCREEN': '/org/gnome/Terminal/screen/da4f67b7_cb47_4a34_98b9_6cd861fe3923', 'GNOME_SETUP_DISPLAY': ':1', 'XDG_RUNTIME_DIR': '/run/user/1000', 'DISPLAY': ':0', 'LANG': 'en_US.UTF-8', 'XDG_CURRENT_DESKTOP': 'ubuntu:GNOME', 'XMODIFIERS': '@im=ibus', 'XDG_SESSION_DESKTOP': 'ubuntu', 'XAUTHORITY': '/run/user/1000/.mutter-Xwaylandauth.D0FTJ3', 'LS_COLORS': 'rs=0:di=01;34:ln=01;36:mh=00:pi=40;33:so=01;35:do=01;35:bd=40;33;01:cd=40;33;01:or=40;31;01:mi=00:su=37;41:sg=30;43:ca=00:tw=30;42:ow=34;42:st=37;44:ex=01;32:*.tar=01;31:*.tgz=01;31:*.arc=01;31:*.arj=01;31:*.taz=01;31:*.lha=01;31:*.lz4=01;31:*.lzh=01;31:*.lzma=01;31:*.tlz=01;31:*.txz=01;31:*.tzo=01;31:*.t7z=01;31:*.zip=01;31:*.z=01;31:*.dz=01;31:*.gz=01;31:*.lrz=01;31:*.lz=01;31:*.lzo=01;31:*.xz=01;31:*.zst=01;31:*.tzst=01;31:*.bz2=01;31:*.bz=01;31:*.tbz=01;31:*.tbz2=01;31:*.tz=01;31:*.deb=01;31:*.rpm=01;31:*.jar=01;31:*.war=01;31:*.ear=01;31:*.sar=01;31:*.rar=01;31:*.alz=01;31:*.ace=01;31:*.zoo=01;31:*.cpio=01;31:*.7z=01;31:*.rz=01;31:*.cab=01;31:*.wim=01;31:*.swm=01;31:*.dwm=01;31:*.esd=01;31:*.avif=01;35:*.jpg=01;35:*.jpeg=01;35:*.mjpg=01;35:*.mjpeg=01;35:*.gif=01;35:*.bmp=01;35:*.pbm=01;35:*.pgm=01;35:*.ppm=01;35:*.tga=01;35:*.xbm=01;35:*.xpm=01;35:*.tif=01;35:*.tiff=01;35:*.png=01;35:*.svg=01;35:*.svgz=01;35:*.mng=01;35:*.pcx=01;35:*.mov=01;35:*.mpg=01;35:*.mpeg=01;35:*.m2v=01;35:*.mkv=01;35:*.webm=01;35:*.webp=01;35:*.ogm=01;35:*.mp4=01;35:*.m4v=01;35:*.mp4v=01;35:*.vob=01;35:*.qt=01;35:*.nuv=01;35:*.wmv=01;35:*.asf=01;35:*.rm=01;35:*.rmvb=01;35:*.flc=01;35:*.avi=01;35:*.fli=01;35:*.flv=01;35:*.gl=01;35:*.dl=01;35:*.xcf=01;35:*.xwd=01;35:*.yuv=01;35:*.cgm=01;35:*.emf=01;35:*.ogv=01;35:*.ogx=01;35:*.aac=00;36:*.au=00;36:*.flac=00;36:*.m4a=00;36:*.mid=00;36:*.midi=00;36:*.mka=00;36:*.mp3=00;36:*.mpc=00;36:*.ogg=00;36:*.ra=00;36:*.wav=00;36:*.oga=00;36:*.opus=00;36:*.spx=00;36:*.xspf=00;36:*~=00;90:*#=00;90:*.bak=00;90:*.crdownload=00;90:*.dpkg-dist=00;90:*.dpkg-new=00;90:*.dpkg-old=00;90:*.dpkg-tmp=00;90:*.old=00;90:*.orig=00;90:*.part=00;90:*.rej=00;90:*.rpmnew=00;90:*.rpmorig=00;90:*.rpmsave=00;90:*.swp=00;90:*.tmp=00;90:*.ucf-dist=00;90:*.ucf-new=00;90:*.ucf-old=00;90:', 'GNOME_TERMINAL_SERVICE': ':1.262', 'SSH_AUTH_SOCK': '/run/user/1000/keyring/ssh', 'AMENT_PREFIX_PATH': '/home/deimos/deimosExNihilo_ws/install/rover_teleop:/home/deimos/deimosExNihilo_ws/install/micro_ros_setup:/home/deimos/uros_ws/install/micro_ros_agent:/home/deimos/uros_ws/install/micro_ros_msgs:/home/deimos/microros_teensy_ws/install/micro_ros_setup:/opt/ros/jazzy', 'SHELL': '/bin/bash', 'QT_ACCESSIBILITY': '1', 'GDMSESSION': 'ubuntu', 'LESSCLOSE': '/usr/bin/lesspipe %s %s', 'ROS_AUTOMATIC_DISCOVERY_RANGE': 'SUBNET', 'QT_IM_MODULE': 'ibus', 'PWD': '/home/deimos/deimosExNihilo_ws/build/micro_ros_msgs', 'XDG_CONFIG_DIRS': '/etc/xdg/xdg-ubuntu:/etc/xdg', 'XDG_DATA_DIRS': '/usr/share/ubuntu:/usr/share/gnome:/usr/local/share/:/usr/share/:/var/lib/snapd/desktop', 'PYTHONPATH': '/home/deimos/deimosExNihilo_ws/install/rover_teleop/lib/python3.12/site-packages:/home/deimos/uros_ws/install/micro_ros_msgs/lib/python3.12/site-packages:/opt/ros/jazzy/lib/python3.12/site-packages', 'COLCON': '1', 'MEMORY_PRESSURE_WRITE': 'c29tZSAyMDAwMDAgMjAwMDAwMAA=', 'VTE_VERSION': '7600', 'CMAKE_PREFIX_PATH': '/home/deimos/deimosExNihilo_ws/install/micro_ros_setup:/home/deimos/uros_ws/install/micro_ros_agent:/home/deimos/uros_ws/install/micro_ros_msgs:/home/deimos/microros_teensy_ws/install/micro_ros_setup:/opt/ros/jazzy/opt/gz_math_vendor:/opt/ros/jazzy/opt/gz_utils_vendor:/opt/ros/jazzy/opt/gz_cmake_vendor:/home/deimos/deimosExNihilo_ws/install/rover_teleop:/opt/ros/jazzy'}), 'shell': False}
[7.849678] (micro_ros_msgs) StdoutLine: {'line': b'-- Install configuration: ""\n'}
[7.850000] (micro_ros_msgs) StdoutLine: {'line': b'-- Installing: /home/deimos/deimosExNihilo_ws/install/micro_ros_msgs/share/ament_index/resource_index/rosidl_interfaces/micro_ros_msgs\n'}
[7.850221] (micro_ros_msgs) StdoutLine: {'line': b'-- Installing: /home/deimos/deimosExNihilo_ws/install/micro_ros_msgs/share/micro_ros_msgs/msg/Graph.json\n'}
[7.850426] (micro_ros_msgs) StdoutLine: {'line': b'-- Installing: /home/deimos/deimosExNihilo_ws/install/micro_ros_msgs/share/micro_ros_msgs/msg/Node.json\n'}
[7.850648] (micro_ros_msgs) StdoutLine: {'line': b'-- Installing: /home/deimos/deimosExNihilo_ws/install/micro_ros_msgs/share/micro_ros_msgs/msg/Entity.json\n'}
[7.850845] (micro_ros_msgs) StdoutLine: {'line': b'-- Installing: /home/deimos/deimosExNihilo_ws/install/micro_ros_msgs/include/micro_ros_msgs/micro_ros_msgs\n'}
[7.851051] (micro_ros_msgs) StdoutLine: {'line': b'-- Installing: /home/deimos/deimosExNihilo_ws/install/micro_ros_msgs/include/micro_ros_msgs/micro_ros_msgs/msg\n'}
[7.851203] (micro_ros_msgs) StdoutLine: {'line': b'-- Installing: /home/deimos/deimosExNihilo_ws/install/micro_ros_msgs/include/micro_ros_msgs/micro_ros_msgs/msg/rosidl_generator_c__visibility_control.h\n'}
[7.851350] (micro_ros_msgs) StdoutLine: {'line': b'-- Installing: /home/deimos/deimosExNihilo_ws/install/micro_ros_msgs/include/micro_ros_msgs/micro_ros_msgs/msg/node.h\n'}
[7.851495] (micro_ros_msgs) StdoutLine: {'line': b'-- Installing: /home/deimos/deimosExNihilo_ws/install/micro_ros_msgs/include/micro_ros_msgs/micro_ros_msgs/msg/entity.h\n'}
[7.851756] (micro_ros_msgs) StdoutLine: {'line': b'-- Installing: /home/deimos/deimosExNihilo_ws/install/micro_ros_msgs/include/micro_ros_msgs/micro_ros_msgs/msg/detail\n'}
[7.851935] (micro_ros_msgs) StdoutLine: {'line': b'-- Installing: /home/deimos/deimosExNihilo_ws/install/micro_ros_msgs/include/micro_ros_msgs/micro_ros_msgs/msg/detail/graph__functions.c\n'}
[7.852100] (micro_ros_msgs) StdoutLine: {'line': b'-- Installing: /home/deimos/deimosExNihilo_ws/install/micro_ros_msgs/include/micro_ros_msgs/micro_ros_msgs/msg/detail/entity__type_support.h\n'}
[7.852290] (micro_ros_msgs) StdoutLine: {'line': b'-- Installing: /home/deimos/deimosExNihilo_ws/install/micro_ros_msgs/include/micro_ros_msgs/micro_ros_msgs/msg/detail/node__functions.c\n'}
[7.852397] (micro_ros_msgs) StdoutLine: {'line': b'-- Installing: /home/deimos/deimosExNihilo_ws/install/micro_ros_msgs/include/micro_ros_msgs/micro_ros_msgs/msg/detail/node__struct.h\n'}
[7.852499] (micro_ros_msgs) StdoutLine: {'line': b'-- Installing: /home/deimos/deimosExNihilo_ws/install/micro_ros_msgs/include/micro_ros_msgs/micro_ros_msgs/msg/detail/graph__type_support.c\n'}
[7.852618] (micro_ros_msgs) StdoutLine: {'line': b'-- Installing: /home/deimos/deimosExNihilo_ws/install/micro_ros_msgs/include/micro_ros_msgs/micro_ros_msgs/msg/detail/entity__functions.c\n'}
[7.852724] (micro_ros_msgs) StdoutLine: {'line': b'-- Installing: /home/deimos/deimosExNihilo_ws/install/micro_ros_msgs/include/micro_ros_msgs/micro_ros_msgs/msg/detail/node__type_support.c\n'}
[7.852920] (micro_ros_msgs) StdoutLine: {'line': b'-- Installing: /home/deimos/deimosExNihilo_ws/install/micro_ros_msgs/include/micro_ros_msgs/micro_ros_msgs/msg/detail/graph__type_support.h\n'}
[7.853024] (micro_ros_msgs) StdoutLine: {'line': b'-- Installing: /home/deimos/deimosExNihilo_ws/install/micro_ros_msgs/include/micro_ros_msgs/micro_ros_msgs/msg/detail/node__functions.h\n'}
[7.853182] (micro_ros_msgs) StdoutLine: {'line': b'-- Installing: /home/deimos/deimosExNihilo_ws/install/micro_ros_msgs/include/micro_ros_msgs/micro_ros_msgs/msg/detail/entity__type_support.c\n'}
[7.853272] (micro_ros_msgs) StdoutLine: {'line': b'-- Installing: /home/deimos/deimosExNihilo_ws/install/micro_ros_msgs/include/micro_ros_msgs/micro_ros_msgs/msg/detail/entity__functions.h\n'}
[7.853371] (micro_ros_msgs) StdoutLine: {'line': b'-- Installing: /home/deimos/deimosExNihilo_ws/install/micro_ros_msgs/include/micro_ros_msgs/micro_ros_msgs/msg/detail/node__type_support.h\n'}
[7.853473] (micro_ros_msgs) StdoutLine: {'line': b'-- Installing: /home/deimos/deimosExNihilo_ws/install/micro_ros_msgs/include/micro_ros_msgs/micro_ros_msgs/msg/detail/graph__functions.h\n'}
[7.853569] (micro_ros_msgs) StdoutLine: {'line': b'-- Installing: /home/deimos/deimosExNihilo_ws/install/micro_ros_msgs/include/micro_ros_msgs/micro_ros_msgs/msg/detail/graph__description.c\n'}
[7.853729] (micro_ros_msgs) StdoutLine: {'line': b'-- Installing: /home/deimos/deimosExNihilo_ws/install/micro_ros_msgs/include/micro_ros_msgs/micro_ros_msgs/msg/detail/graph__struct.h\n'}
[7.853825] (micro_ros_msgs) StdoutLine: {'line': b'-- Installing: /home/deimos/deimosExNihilo_ws/install/micro_ros_msgs/include/micro_ros_msgs/micro_ros_msgs/msg/detail/entity__struct.h\n'}
[7.853906] (micro_ros_msgs) StdoutLine: {'line': b'-- Installing: /home/deimos/deimosExNihilo_ws/install/micro_ros_msgs/include/micro_ros_msgs/micro_ros_msgs/msg/detail/entity__description.c\n'}
[7.853983] (micro_ros_msgs) StdoutLine: {'line': b'-- Installing: /home/deimos/deimosExNihilo_ws/install/micro_ros_msgs/include/micro_ros_msgs/micro_ros_msgs/msg/detail/node__description.c\n'}
[7.854067] (micro_ros_msgs) StdoutLine: {'line': b'-- Installing: /home/deimos/deimosExNihilo_ws/install/micro_ros_msgs/include/micro_ros_msgs/micro_ros_msgs/msg/graph.h\n'}
[7.854153] (micro_ros_msgs) StdoutLine: {'line': b'-- Installing: /home/deimos/deimosExNihilo_ws/install/micro_ros_msgs/share/micro_ros_msgs/environment/library_path.sh\n'}
[7.854243] (micro_ros_msgs) StdoutLine: {'line': b'-- Installing: /home/deimos/deimosExNihilo_ws/install/micro_ros_msgs/share/micro_ros_msgs/environment/library_path.dsv\n'}
[7.854330] (micro_ros_msgs) StdoutLine: {'line': b'-- Installing: /home/deimos/deimosExNihilo_ws/install/micro_ros_msgs/lib/libmicro_ros_msgs__rosidl_generator_c.so\n'}
[7.854485] (micro_ros_msgs) StdoutLine: {'line': b'-- Set non-toolchain portion of runtime path of "/home/deimos/deimosExNihilo_ws/install/micro_ros_msgs/lib/libmicro_ros_msgs__rosidl_generator_c.so" to ""\n'}
[7.854694] (micro_ros_msgs) StdoutLine: {'line': b'-- Up-to-date: /home/deimos/deimosExNihilo_ws/install/micro_ros_msgs/include/micro_ros_msgs/micro_ros_msgs\n'}
[7.854807] (micro_ros_msgs) StdoutLine: {'line': b'-- Up-to-date: /home/deimos/deimosExNihilo_ws/install/micro_ros_msgs/include/micro_ros_msgs/micro_ros_msgs/msg\n'}
[7.854906] (micro_ros_msgs) StdoutLine: {'line': b'-- Installing: /home/deimos/deimosExNihilo_ws/install/micro_ros_msgs/include/micro_ros_msgs/micro_ros_msgs/msg/rosidl_typesupport_fastrtps_c__visibility_control.h\n'}
[7.854998] (micro_ros_msgs) StdoutLine: {'line': b'-- Up-to-date: /home/deimos/deimosExNihilo_ws/install/micro_ros_msgs/include/micro_ros_msgs/micro_ros_msgs/msg/detail\n'}
[7.855094] (micro_ros_msgs) StdoutLine: {'line': b'-- Installing: /home/deimos/deimosExNihilo_ws/install/micro_ros_msgs/include/micro_ros_msgs/micro_ros_msgs/msg/detail/node__rosidl_typesupport_fastrtps_c.h\n'}
[7.855182] (micro_ros_msgs) StdoutLine: {'line': b'-- Installing: /home/deimos/deimosExNihilo_ws/install/micro_ros_msgs/include/micro_ros_msgs/micro_ros_msgs/msg/detail/graph__rosidl_typesupport_fastrtps_c.h\n'}
[7.855339] (micro_ros_msgs) StdoutLine: {'line': b'-- Installing: /home/deimos/deimosExNihilo_ws/install/micro_ros_msgs/include/micro_ros_msgs/micro_ros_msgs/msg/detail/entity__rosidl_typesupport_fastrtps_c.h\n'}
[7.855438] (micro_ros_msgs) StdoutLine: {'line': b'-- Installing: /home/deimos/deimosExNihilo_ws/install/micro_ros_msgs/lib/libmicro_ros_msgs__rosidl_typesupport_fastrtps_c.so\n'}
[7.855530] (micro_ros_msgs) StdoutLine: {'line': b'-- Set non-toolchain portion of runtime path of "/home/deimos/deimosExNihilo_ws/install/micro_ros_msgs/lib/libmicro_ros_msgs__rosidl_typesupport_fastrtps_c.so" to ""\n'}
[7.855737] (micro_ros_msgs) StdoutLine: {'line': b'-- Up-to-date: /home/deimos/deimosExNihilo_ws/install/micro_ros_msgs/include/micro_ros_msgs/micro_ros_msgs\n'}
[7.855833] (micro_ros_msgs) StdoutLine: {'line': b'-- Up-to-date: /home/deimos/deimosExNihilo_ws/install/micro_ros_msgs/include/micro_ros_msgs/micro_ros_msgs/msg\n'}
[7.855922] (micro_ros_msgs) StdoutLine: {'line': b'-- Up-to-date: /home/deimos/deimosExNihilo_ws/install/micro_ros_msgs/include/micro_ros_msgs/micro_ros_msgs/msg/detail\n'}
[7.856010] (micro_ros_msgs) StdoutLine: {'line': b'-- Installing: /home/deimos/deimosExNihilo_ws/install/micro_ros_msgs/include/micro_ros_msgs/micro_ros_msgs/msg/detail/graph__type_support.c\n'}
[7.856104] (micro_ros_msgs) StdoutLine: {'line': b'-- Installing: /home/deimos/deimosExNihilo_ws/install/micro_ros_msgs/include/micro_ros_msgs/micro_ros_msgs/msg/detail/node__type_support.c\n'}
[7.856196] (micro_ros_msgs) StdoutLine: {'line': b'-- Installing: /home/deimos/deimosExNihilo_ws/install/micro_ros_msgs/include/micro_ros_msgs/micro_ros_msgs/msg/detail/entity__type_support.c\n'}
[7.856333] (micro_ros_msgs) StdoutLine: {'line': b'-- Installing: /home/deimos/deimosExNihilo_ws/install/micro_ros_msgs/include/micro_ros_msgs/micro_ros_msgs/msg/detail/graph__rosidl_typesupport_introspection_c.h\n'}
[7.856419] (micro_ros_msgs) StdoutLine: {'line': b'-- Installing: /home/deimos/deimosExNihilo_ws/install/micro_ros_msgs/include/micro_ros_msgs/micro_ros_msgs/msg/detail/entity__rosidl_typesupport_introspection_c.h\n'}
[7.856516] (micro_ros_msgs) StdoutLine: {'line': b'-- Installing: /home/deimos/deimosExNihilo_ws/install/micro_ros_msgs/include/micro_ros_msgs/micro_ros_msgs/msg/detail/node__rosidl_typesupport_introspection_c.h\n'}
[7.856622] (micro_ros_msgs) StdoutLine: {'line': b'-- Installing: /home/deimos/deimosExNihilo_ws/install/micro_ros_msgs/include/micro_ros_msgs/micro_ros_msgs/msg/rosidl_typesupport_introspection_c__visibility_control.h\n'}
[7.856719] (micro_ros_msgs) StdoutLine: {'line': b'-- Installing: /home/deimos/deimosExNihilo_ws/install/micro_ros_msgs/lib/libmicro_ros_msgs__rosidl_typesupport_introspection_c.so\n'}
[7.856814] (micro_ros_msgs) StdoutLine: {'line': b'-- Set non-toolchain portion of runtime path of "/home/deimos/deimosExNihilo_ws/install/micro_ros_msgs/lib/libmicro_ros_msgs__rosidl_typesupport_introspection_c.so" to ""\n'}
[7.856953] (micro_ros_msgs) StdoutLine: {'line': b'-- Installing: /home/deimos/deimosExNihilo_ws/install/micro_ros_msgs/lib/libmicro_ros_msgs__rosidl_typesupport_c.so\n'}
[7.857150] (micro_ros_msgs) StdoutLine: {'line': b'-- Set non-toolchain portion of runtime path of "/home/deimos/deimosExNihilo_ws/install/micro_ros_msgs/lib/libmicro_ros_msgs__rosidl_typesupport_c.so" to ""\n'}
[7.857256] (micro_ros_msgs) StdoutLine: {'line': b'-- Up-to-date: /home/deimos/deimosExNihilo_ws/install/micro_ros_msgs/include/micro_ros_msgs/micro_ros_msgs\n'}
[7.857363] (micro_ros_msgs) StdoutLine: {'line': b'-- Up-to-date: /home/deimos/deimosExNihilo_ws/install/micro_ros_msgs/include/micro_ros_msgs/micro_ros_msgs/msg\n'}
[7.857471] (micro_ros_msgs) StdoutLine: {'line': b'-- Installing: /home/deimos/deimosExNihilo_ws/install/micro_ros_msgs/include/micro_ros_msgs/micro_ros_msgs/msg/rosidl_generator_cpp__visibility_control.hpp\n'}
[7.857592] (micro_ros_msgs) StdoutLine: {'line': b'-- Installing: /home/deimos/deimosExNihilo_ws/install/micro_ros_msgs/include/micro_ros_msgs/micro_ros_msgs/msg/entity.hpp\n'}
[7.857798] (micro_ros_msgs) StdoutLine: {'line': b'-- Installing: /home/deimos/deimosExNihilo_ws/install/micro_ros_msgs/include/micro_ros_msgs/micro_ros_msgs/msg/node.hpp\n'}
[7.857904] (micro_ros_msgs) StdoutLine: {'line': b'-- Installing: /home/deimos/deimosExNihilo_ws/install/micro_ros_msgs/include/micro_ros_msgs/micro_ros_msgs/msg/graph.hpp\n'}
[7.858015] (micro_ros_msgs) StdoutLine: {'line': b'-- Up-to-date: /home/deimos/deimosExNihilo_ws/install/micro_ros_msgs/include/micro_ros_msgs/micro_ros_msgs/msg/detail\n'}
[7.858118] (micro_ros_msgs) StdoutLine: {'line': b'-- Installing: /home/deimos/deimosExNihilo_ws/install/micro_ros_msgs/include/micro_ros_msgs/micro_ros_msgs/msg/detail/node__builder.hpp\n'}
[7.858216] (micro_ros_msgs) StdoutLine: {'line': b'-- Installing: /home/deimos/deimosExNihilo_ws/install/micro_ros_msgs/include/micro_ros_msgs/micro_ros_msgs/msg/detail/entity__builder.hpp\n'}
[7.858324] (micro_ros_msgs) StdoutLine: {'line': b'-- Installing: /home/deimos/deimosExNihilo_ws/install/micro_ros_msgs/include/micro_ros_msgs/micro_ros_msgs/msg/detail/node__struct.hpp\n'}
[7.858432] (micro_ros_msgs) StdoutLine: {'line': b'-- Installing: /home/deimos/deimosExNihilo_ws/install/micro_ros_msgs/include/micro_ros_msgs/micro_ros_msgs/msg/detail/graph__type_support.hpp\n'}
[7.858543] (micro_ros_msgs) StdoutLine: {'line': b'-- Installing: /home/deimos/deimosExNihilo_ws/install/micro_ros_msgs/include/micro_ros_msgs/micro_ros_msgs/msg/detail/node__type_support.hpp\n'}
[7.858753] (micro_ros_msgs) StdoutLine: {'line': b'-- Installing: /home/deimos/deimosExNihilo_ws/install/micro_ros_msgs/include/micro_ros_msgs/micro_ros_msgs/msg/detail/node__traits.hpp\n'}
[7.858891] (micro_ros_msgs) StdoutLine: {'line': b'-- Installing: /home/deimos/deimosExNihilo_ws/install/micro_ros_msgs/include/micro_ros_msgs/micro_ros_msgs/msg/detail/graph__struct.hpp\n'}
[7.859035] (micro_ros_msgs) StdoutLine: {'line': b'-- Installing: /home/deimos/deimosExNihilo_ws/install/micro_ros_msgs/include/micro_ros_msgs/micro_ros_msgs/msg/detail/entity__type_support.hpp\n'}
[7.859252] (micro_ros_msgs) StdoutLine: {'line': b'-- Installing: /home/deimos/deimosExNihilo_ws/install/micro_ros_msgs/include/micro_ros_msgs/micro_ros_msgs/msg/detail/entity__traits.hpp\n'}
[7.859460] (micro_ros_msgs) StdoutLine: {'line': b'-- Installing: /home/deimos/deimosExNihilo_ws/install/micro_ros_msgs/include/micro_ros_msgs/micro_ros_msgs/msg/detail/graph__builder.hpp\n'}
[7.859626] (micro_ros_msgs) StdoutLine: {'line': b'-- Installing: /home/deimos/deimosExNihilo_ws/install/micro_ros_msgs/include/micro_ros_msgs/micro_ros_msgs/msg/detail/graph__traits.hpp\n'}
[7.859751] (micro_ros_msgs) StdoutLine: {'line': b'-- Installing: /home/deimos/deimosExNihilo_ws/install/micro_ros_msgs/include/micro_ros_msgs/micro_ros_msgs/msg/detail/entity__struct.hpp\n'}
[7.859937] (micro_ros_msgs) StdoutLine: {'line': b'-- Up-to-date: /home/deimos/deimosExNihilo_ws/install/micro_ros_msgs/include/micro_ros_msgs/micro_ros_msgs\n'}
[7.860208] (micro_ros_msgs) StdoutLine: {'line': b'-- Up-to-date: /home/deimos/deimosExNihilo_ws/install/micro_ros_msgs/include/micro_ros_msgs/micro_ros_msgs/msg\n'}
[7.860555] (micro_ros_msgs) StdoutLine: {'line': b'-- Installing: /home/deimos/deimosExNihilo_ws/install/micro_ros_msgs/include/micro_ros_msgs/micro_ros_msgs/msg/rosidl_typesupport_fastrtps_cpp__visibility_control.h\n'}
[7.860778] (micro_ros_msgs) StdoutLine: {'line': b'-- Up-to-date: /home/deimos/deimosExNihilo_ws/install/micro_ros_msgs/include/micro_ros_msgs/micro_ros_msgs/msg/detail\n'}
[7.861086] (micro_ros_msgs) StdoutLine: {'line': b'-- Installing: /home/deimos/deimosExNihilo_ws/install/micro_ros_msgs/include/micro_ros_msgs/micro_ros_msgs/msg/detail/node__rosidl_typesupport_fastrtps_cpp.hpp\n'}
[7.861321] (micro_ros_msgs) StdoutLine: {'line': b'-- Installing: /home/deimos/deimosExNihilo_ws/install/micro_ros_msgs/include/micro_ros_msgs/micro_ros_msgs/msg/detail/dds_fastrtps\n'}
[7.861550] (micro_ros_msgs) StdoutLine: {'line': b'-- Installing: /home/deimos/deimosExNihilo_ws/install/micro_ros_msgs/include/micro_ros_msgs/micro_ros_msgs/msg/detail/graph__rosidl_typesupport_fastrtps_cpp.hpp\n'}
[7.861785] (micro_ros_msgs) StdoutLine: {'line': b'-- Installing: /home/deimos/deimosExNihilo_ws/install/micro_ros_msgs/include/micro_ros_msgs/micro_ros_msgs/msg/detail/entity__rosidl_typesupport_fastrtps_cpp.hpp\n'}
[7.861966] (micro_ros_msgs) StdoutLine: {'line': b'-- Installing: /home/deimos/deimosExNihilo_ws/install/micro_ros_msgs/lib/libmicro_ros_msgs__rosidl_typesupport_fastrtps_cpp.so\n'}
[7.862138] (micro_ros_msgs) StdoutLine: {'line': b'-- Set non-toolchain portion of runtime path of "/home/deimos/deimosExNihilo_ws/install/micro_ros_msgs/lib/libmicro_ros_msgs__rosidl_typesupport_fastrtps_cpp.so" to ""\n'}
[7.862326] (micro_ros_msgs) StdoutLine: {'line': b'-- Up-to-date: /home/deimos/deimosExNihilo_ws/install/micro_ros_msgs/include/micro_ros_msgs/micro_ros_msgs\n'}
[7.862526] (micro_ros_msgs) StdoutLine: {'line': b'-- Up-to-date: /home/deimos/deimosExNihilo_ws/install/micro_ros_msgs/include/micro_ros_msgs/micro_ros_msgs/msg\n'}
[7.862714] (micro_ros_msgs) StdoutLine: {'line': b'-- Up-to-date: /home/deimos/deimosExNihilo_ws/install/micro_ros_msgs/include/micro_ros_msgs/micro_ros_msgs/msg/detail\n'}
[7.862933] (micro_ros_msgs) StdoutLine: {'line': b'-- Installing: /home/deimos/deimosExNihilo_ws/install/micro_ros_msgs/include/micro_ros_msgs/micro_ros_msgs/msg/detail/entity__type_support.cpp\n'}
[7.863156] (micro_ros_msgs) StdoutLine: {'line': b'-- Installing: /home/deimos/deimosExNihilo_ws/install/micro_ros_msgs/include/micro_ros_msgs/micro_ros_msgs/msg/detail/entity__rosidl_typesupport_introspection_cpp.hpp\n'}
[7.863378] (micro_ros_msgs) StdoutLine: {'line': b'-- Installing: /home/deimos/deimosExNihilo_ws/install/micro_ros_msgs/include/micro_ros_msgs/micro_ros_msgs/msg/detail/node__type_support.cpp\n'}
[7.863637] (micro_ros_msgs) StdoutLine: {'line': b'-- Installing: /home/deimos/deimosExNihilo_ws/install/micro_ros_msgs/include/micro_ros_msgs/micro_ros_msgs/msg/detail/graph__rosidl_typesupport_introspection_cpp.hpp\n'}
[7.863785] (micro_ros_msgs) StdoutLine: {'line': b'-- Installing: /home/deimos/deimosExNihilo_ws/install/micro_ros_msgs/include/micro_ros_msgs/micro_ros_msgs/msg/detail/node__rosidl_typesupport_introspection_cpp.hpp\n'}
[7.863890] (micro_ros_msgs) StdoutLine: {'line': b'-- Installing: /home/deimos/deimosExNihilo_ws/install/micro_ros_msgs/include/micro_ros_msgs/micro_ros_msgs/msg/detail/graph__type_support.cpp\n'}
[7.863993] (micro_ros_msgs) StdoutLine: {'line': b'-- Installing: /home/deimos/deimosExNihilo_ws/install/micro_ros_msgs/lib/libmicro_ros_msgs__rosidl_typesupport_introspection_cpp.so\n'}
[7.864100] (micro_ros_msgs) StdoutLine: {'line': b'-- Set non-toolchain portion of runtime path of "/home/deimos/deimosExNihilo_ws/install/micro_ros_msgs/lib/libmicro_ros_msgs__rosidl_typesupport_introspection_cpp.so" to ""\n'}
[7.864204] (micro_ros_msgs) StdoutLine: {'line': b'-- Installing: /home/deimos/deimosExNihilo_ws/install/micro_ros_msgs/lib/libmicro_ros_msgs__rosidl_typesupport_cpp.so\n'}
[7.864306] (micro_ros_msgs) StdoutLine: {'line': b'-- Set non-toolchain portion of runtime path of "/home/deimos/deimosExNihilo_ws/install/micro_ros_msgs/lib/libmicro_ros_msgs__rosidl_typesupport_cpp.so" to ""\n'}
[7.864405] (micro_ros_msgs) StdoutLine: {'line': b'-- Installing: /home/deimos/deimosExNihilo_ws/install/micro_ros_msgs/share/micro_ros_msgs/environment/pythonpath.sh\n'}
[7.864503] (micro_ros_msgs) StdoutLine: {'line': b'-- Installing: /home/deimos/deimosExNihilo_ws/install/micro_ros_msgs/share/micro_ros_msgs/environment/pythonpath.dsv\n'}
[7.864612] (micro_ros_msgs) StdoutLine: {'line': b'-- Installing: /home/deimos/deimosExNihilo_ws/install/micro_ros_msgs/lib/python3.12/site-packages/micro_ros_msgs-5.0.2-py3.12.egg-info\n'}
[7.864720] (micro_ros_msgs) StdoutLine: {'line': b'-- Installing: /home/deimos/deimosExNihilo_ws/install/micro_ros_msgs/lib/python3.12/site-packages/micro_ros_msgs-5.0.2-py3.12.egg-info/dependency_links.txt\n'}
[7.864942] (micro_ros_msgs) StdoutLine: {'line': b'-- Installing: /home/deimos/deimosExNihilo_ws/install/micro_ros_msgs/lib/python3.12/site-packages/micro_ros_msgs-5.0.2-py3.12.egg-info/top_level.txt\n'}
[7.865038] (micro_ros_msgs) StdoutLine: {'line': b'-- Installing: /home/deimos/deimosExNihilo_ws/install/micro_ros_msgs/lib/python3.12/site-packages/micro_ros_msgs-5.0.2-py3.12.egg-info/SOURCES.txt\n'}
[7.865125] (micro_ros_msgs) StdoutLine: {'line': b'-- Installing: /home/deimos/deimosExNihilo_ws/install/micro_ros_msgs/lib/python3.12/site-packages/micro_ros_msgs-5.0.2-py3.12.egg-info/PKG-INFO\n'}
[7.865217] (micro_ros_msgs) StdoutLine: {'line': b'-- Installing: /home/deimos/deimosExNihilo_ws/install/micro_ros_msgs/lib/python3.12/site-packages/micro_ros_msgs\n'}
[7.865304] (micro_ros_msgs) StdoutLine: {'line': b'-- Installing: /home/deimos/deimosExNihilo_ws/install/micro_ros_msgs/lib/python3.12/site-packages/micro_ros_msgs/_micro_ros_msgs_s.ep.rosidl_typesupport_c.c\n'}
[7.865395] (micro_ros_msgs) StdoutLine: {'line': b'-- Installing: /home/deimos/deimosExNihilo_ws/install/micro_ros_msgs/lib/python3.12/site-packages/micro_ros_msgs/micro_ros_msgs_s__rosidl_typesupport_c.so\n'}
[7.865487] (micro_ros_msgs) StdoutLine: {'line': b'-- Installing: /home/deimos/deimosExNihilo_ws/install/micro_ros_msgs/lib/python3.12/site-packages/micro_ros_msgs/msg\n'}
[7.865582] (micro_ros_msgs) StdoutLine: {'line': b'-- Installing: /home/deimos/deimosExNihilo_ws/install/micro_ros_msgs/lib/python3.12/site-packages/micro_ros_msgs/msg/_node_s.c\n'}
[7.865673] (micro_ros_msgs) StdoutLine: {'line': b'-- Installing: /home/deimos/deimosExNihilo_ws/install/micro_ros_msgs/lib/python3.12/site-packages/micro_ros_msgs/msg/_entity.py\n'}
[7.865769] (micro_ros_msgs) StdoutLine: {'line': b'-- Installing: /home/deimos/deimosExNihilo_ws/install/micro_ros_msgs/lib/python3.12/site-packages/micro_ros_msgs/msg/_graph.py\n'}
[7.865896] (micro_ros_msgs) StdoutLine: {'line': b'-- Installing: /home/deimos/deimosExNihilo_ws/install/micro_ros_msgs/lib/python3.12/site-packages/micro_ros_msgs/msg/_entity_s.c\n'}
[7.866002] (micro_ros_msgs) StdoutLine: {'line': b'-- Installing: /home/deimos/deimosExNihilo_ws/install/micro_ros_msgs/lib/python3.12/site-packages/micro_ros_msgs/msg/_node.py\n'}
[7.866191] (micro_ros_msgs) StdoutLine: {'line': b'-- Installing: /home/deimos/deimosExNihilo_ws/install/micro_ros_msgs/lib/python3.12/site-packages/micro_ros_msgs/msg/__init__.py\n'}
[7.866297] (micro_ros_msgs) StdoutLine: {'line': b'-- Installing: /home/deimos/deimosExNihilo_ws/install/micro_ros_msgs/lib/python3.12/site-packages/micro_ros_msgs/msg/_graph_s.c\n'}
[7.866406] (micro_ros_msgs) StdoutLine: {'line': b'-- Installing: /home/deimos/deimosExNihilo_ws/install/micro_ros_msgs/lib/python3.12/site-packages/micro_ros_msgs/_micro_ros_msgs_s.ep.rosidl_typesupport_introspection_c.c\n'}
[7.866512] (micro_ros_msgs) StdoutLine: {'line': b'-- Installing: /home/deimos/deimosExNihilo_ws/install/micro_ros_msgs/lib/python3.12/site-packages/micro_ros_msgs/micro_ros_msgs_s__rosidl_typesupport_fastrtps_c.so\n'}
[7.866638] (micro_ros_msgs) StdoutLine: {'line': b'-- Installing: /home/deimos/deimosExNihilo_ws/install/micro_ros_msgs/lib/python3.12/site-packages/micro_ros_msgs/_micro_ros_msgs_s.ep.rosidl_typesupport_fastrtps_c.c\n'}
[7.866751] (micro_ros_msgs) StdoutLine: {'line': b'-- Installing: /home/deimos/deimosExNihilo_ws/install/micro_ros_msgs/lib/python3.12/site-packages/micro_ros_msgs/__init__.py\n'}
[7.866861] (micro_ros_msgs) StdoutLine: {'line': b'-- Installing: /home/deimos/deimosExNihilo_ws/install/micro_ros_msgs/lib/python3.12/site-packages/micro_ros_msgs/micro_ros_msgs_s__rosidl_typesupport_introspection_c.so\n'}
[7.925995] (-) TimerEvent: {}
[7.938249] (micro_ros_msgs) StdoutLine: {'line': b"Listing '/home/deimos/deimosExNihilo_ws/install/micro_ros_msgs/lib/python3.12/site-packages/micro_ros_msgs'...\n"}
[7.938471] (micro_ros_msgs) StdoutLine: {'line': b"Compiling '/home/deimos/deimosExNihilo_ws/install/micro_ros_msgs/lib/python3.12/site-packages/micro_ros_msgs/__init__.py'...\n"}
[7.938565] (micro_ros_msgs) StdoutLine: {'line': b"Listing '/home/deimos/deimosExNihilo_ws/install/micro_ros_msgs/lib/python3.12/site-packages/micro_ros_msgs/msg'...\n"}
[7.938645] (micro_ros_msgs) StdoutLine: {'line': b"Compiling '/home/deimos/deimosExNihilo_ws/install/micro_ros_msgs/lib/python3.12/site-packages/micro_ros_msgs/msg/__init__.py'...\n"}
[7.938712] (micro_ros_msgs) StdoutLine: {'line': b"Compiling '/home/deimos/deimosExNihilo_ws/install/micro_ros_msgs/lib/python3.12/site-packages/micro_ros_msgs/msg/_entity.py'...\n"}
[7.938778] (micro_ros_msgs) StdoutLine: {'line': b"Compiling '/home/deimos/deimosExNihilo_ws/install/micro_ros_msgs/lib/python3.12/site-packages/micro_ros_msgs/msg/_graph.py'...\n"}
[7.938842] (micro_ros_msgs) StdoutLine: {'line': b"Compiling '/home/deimos/deimosExNihilo_ws/install/micro_ros_msgs/lib/python3.12/site-packages/micro_ros_msgs/msg/_node.py'...\n"}
[7.946756] (micro_ros_msgs) StdoutLine: {'line': b'-- Installing: /home/deimos/deimosExNihilo_ws/install/micro_ros_msgs/lib/python3.12/site-packages/micro_ros_msgs/micro_ros_msgs_s__rosidl_typesupport_fastrtps_c.so\n'}
[7.947124] (micro_ros_msgs) StdoutLine: {'line': b'-- Set non-toolchain portion of runtime path of "/home/deimos/deimosExNihilo_ws/install/micro_ros_msgs/lib/python3.12/site-packages/micro_ros_msgs/micro_ros_msgs_s__rosidl_typesupport_fastrtps_c.so" to ""\n'}
[7.947286] (micro_ros_msgs) StdoutLine: {'line': b'-- Installing: /home/deimos/deimosExNihilo_ws/install/micro_ros_msgs/lib/python3.12/site-packages/micro_ros_msgs/micro_ros_msgs_s__rosidl_typesupport_introspection_c.so\n'}
[7.947445] (micro_ros_msgs) StdoutLine: {'line': b'-- Set non-toolchain portion of runtime path of "/home/deimos/deimosExNihilo_ws/install/micro_ros_msgs/lib/python3.12/site-packages/micro_ros_msgs/micro_ros_msgs_s__rosidl_typesupport_introspection_c.so" to ""\n'}
[7.947517] (micro_ros_msgs) StdoutLine: {'line': b'-- Installing: /home/deimos/deimosExNihilo_ws/install/micro_ros_msgs/lib/python3.12/site-packages/micro_ros_msgs/micro_ros_msgs_s__rosidl_typesupport_c.so\n'}
[7.947640] (micro_ros_msgs) StdoutLine: {'line': b'-- Set non-toolchain portion of runtime path of "/home/deimos/deimosExNihilo_ws/install/micro_ros_msgs/lib/python3.12/site-packages/micro_ros_msgs/micro_ros_msgs_s__rosidl_typesupport_c.so" to ""\n'}
[7.947714] (micro_ros_msgs) StdoutLine: {'line': b'-- Installing: /home/deimos/deimosExNihilo_ws/install/micro_ros_msgs/lib/libmicro_ros_msgs__rosidl_generator_py.so\n'}
[7.947923] (micro_ros_msgs) StdoutLine: {'line': b'-- Set non-toolchain portion of runtime path of "/home/deimos/deimosExNihilo_ws/install/micro_ros_msgs/lib/libmicro_ros_msgs__rosidl_generator_py.so" to ""\n'}
[7.948017] (micro_ros_msgs) StdoutLine: {'line': b'-- Installing: /home/deimos/deimosExNihilo_ws/install/micro_ros_msgs/share/micro_ros_msgs/msg/Graph.idl\n'}
[7.948109] (micro_ros_msgs) StdoutLine: {'line': b'-- Installing: /home/deimos/deimosExNihilo_ws/install/micro_ros_msgs/share/micro_ros_msgs/msg/Node.idl\n'}
[7.948197] (micro_ros_msgs) StdoutLine: {'line': b'-- Installing: /home/deimos/deimosExNihilo_ws/install/micro_ros_msgs/share/micro_ros_msgs/msg/Entity.idl\n'}
[7.948283] (micro_ros_msgs) StdoutLine: {'line': b'-- Installing: /home/deimos/deimosExNihilo_ws/install/micro_ros_msgs/share/micro_ros_msgs/msg/Graph.msg\n'}
[7.949068] (micro_ros_msgs) StdoutLine: {'line': b'-- Installing: /home/deimos/deimosExNihilo_ws/install/micro_ros_msgs/share/micro_ros_msgs/msg/Node.msg\n'}
[7.949160] (micro_ros_msgs) StdoutLine: {'line': b'-- Installing: /home/deimos/deimosExNihilo_ws/install/micro_ros_msgs/share/micro_ros_msgs/msg/Entity.msg\n'}
[7.949270] (micro_ros_msgs) StdoutLine: {'line': b'-- Installing: /home/deimos/deimosExNihilo_ws/install/micro_ros_msgs/share/ament_index/resource_index/package_run_dependencies/micro_ros_msgs\n'}
[7.949382] (micro_ros_msgs) StdoutLine: {'line': b'-- Installing: /home/deimos/deimosExNihilo_ws/install/micro_ros_msgs/share/ament_index/resource_index/parent_prefix_path/micro_ros_msgs\n'}
[7.949472] (micro_ros_msgs) StdoutLine: {'line': b'-- Installing: /home/deimos/deimosExNihilo_ws/install/micro_ros_msgs/share/micro_ros_msgs/environment/ament_prefix_path.sh\n'}
[7.949560] (micro_ros_msgs) StdoutLine: {'line': b'-- Installing: /home/deimos/deimosExNihilo_ws/install/micro_ros_msgs/share/micro_ros_msgs/environment/ament_prefix_path.dsv\n'}
[7.949665] (micro_ros_msgs) StdoutLine: {'line': b'-- Installing: /home/deimos/deimosExNihilo_ws/install/micro_ros_msgs/share/micro_ros_msgs/environment/path.sh\n'}
[7.949760] (micro_ros_msgs) StdoutLine: {'line': b'-- Installing: /home/deimos/deimosExNihilo_ws/install/micro_ros_msgs/share/micro_ros_msgs/environment/path.dsv\n'}
[7.949859] (micro_ros_msgs) StdoutLine: {'line': b'-- Installing: /home/deimos/deimosExNihilo_ws/install/micro_ros_msgs/share/micro_ros_msgs/local_setup.bash\n'}
[7.949951] (micro_ros_msgs) StdoutLine: {'line': b'-- Installing: /home/deimos/deimosExNihilo_ws/install/micro_ros_msgs/share/micro_ros_msgs/local_setup.sh\n'}
[7.950041] (micro_ros_msgs) StdoutLine: {'line': b'-- Installing: /home/deimos/deimosExNihilo_ws/install/micro_ros_msgs/share/micro_ros_msgs/local_setup.zsh\n'}
[7.950133] (micro_ros_msgs) StdoutLine: {'line': b'-- Installing: /home/deimos/deimosExNihilo_ws/install/micro_ros_msgs/share/micro_ros_msgs/local_setup.dsv\n'}
[7.950255] (micro_ros_msgs) StdoutLine: {'line': b'-- Installing: /home/deimos/deimosExNihilo_ws/install/micro_ros_msgs/share/micro_ros_msgs/package.dsv\n'}
[7.950326] (micro_ros_msgs) StdoutLine: {'line': b'-- Installing: /home/deimos/deimosExNihilo_ws/install/micro_ros_msgs/share/ament_index/resource_index/packages/micro_ros_msgs\n'}
[7.950421] (micro_ros_msgs) StdoutLine: {'line': b'-- Installing: /home/deimos/deimosExNihilo_ws/install/micro_ros_msgs/share/micro_ros_msgs/cmake/export_micro_ros_msgs__rosidl_generator_cExport.cmake\n'}
[7.950518] (micro_ros_msgs) StdoutLine: {'line': b'-- Installing: /home/deimos/deimosExNihilo_ws/install/micro_ros_msgs/share/micro_ros_msgs/cmake/export_micro_ros_msgs__rosidl_generator_cExport-noconfig.cmake\n'}
[7.950618] (micro_ros_msgs) StdoutLine: {'line': b'-- Installing: /home/deimos/deimosExNihilo_ws/install/micro_ros_msgs/share/micro_ros_msgs/cmake/export_micro_ros_msgs__rosidl_typesupport_fastrtps_cExport.cmake\n'}
[7.950730] (micro_ros_msgs) StdoutLine: {'line': b'-- Installing: /home/deimos/deimosExNihilo_ws/install/micro_ros_msgs/share/micro_ros_msgs/cmake/export_micro_ros_msgs__rosidl_typesupport_fastrtps_cExport-noconfig.cmake\n'}
[7.950824] (micro_ros_msgs) StdoutLine: {'line': b'-- Installing: /home/deimos/deimosExNihilo_ws/install/micro_ros_msgs/share/micro_ros_msgs/cmake/micro_ros_msgs__rosidl_typesupport_introspection_cExport.cmake\n'}
[7.950924] (micro_ros_msgs) StdoutLine: {'line': b'-- Installing: /home/deimos/deimosExNihilo_ws/install/micro_ros_msgs/share/micro_ros_msgs/cmake/micro_ros_msgs__rosidl_typesupport_introspection_cExport-noconfig.cmake\n'}
[7.951025] (micro_ros_msgs) StdoutLine: {'line': b'-- Installing: /home/deimos/deimosExNihilo_ws/install/micro_ros_msgs/share/micro_ros_msgs/cmake/micro_ros_msgs__rosidl_typesupport_cExport.cmake\n'}
[7.951088] (micro_ros_msgs) StdoutLine: {'line': b'-- Installing: /home/deimos/deimosExNihilo_ws/install/micro_ros_msgs/share/micro_ros_msgs/cmake/micro_ros_msgs__rosidl_typesupport_cExport-noconfig.cmake\n'}
[7.951172] (micro_ros_msgs) StdoutLine: {'line': b'-- Installing: /home/deimos/deimosExNihilo_ws/install/micro_ros_msgs/share/micro_ros_msgs/cmake/export_micro_ros_msgs__rosidl_generator_cppExport.cmake\n'}
[7.951263] (micro_ros_msgs) StdoutLine: {'line': b'-- Installing: /home/deimos/deimosExNihilo_ws/install/micro_ros_msgs/share/micro_ros_msgs/cmake/export_micro_ros_msgs__rosidl_typesupport_fastrtps_cppExport.cmake\n'}
[7.951341] (micro_ros_msgs) StdoutLine: {'line': b'-- Installing: /home/deimos/deimosExNihilo_ws/install/micro_ros_msgs/share/micro_ros_msgs/cmake/export_micro_ros_msgs__rosidl_typesupport_fastrtps_cppExport-noconfig.cmake\n'}
[7.951427] (micro_ros_msgs) StdoutLine: {'line': b'-- Installing: /home/deimos/deimosExNihilo_ws/install/micro_ros_msgs/share/micro_ros_msgs/cmake/micro_ros_msgs__rosidl_typesupport_introspection_cppExport.cmake\n'}
[7.951517] (micro_ros_msgs) StdoutLine: {'line': b'-- Installing: /home/deimos/deimosExNihilo_ws/install/micro_ros_msgs/share/micro_ros_msgs/cmake/micro_ros_msgs__rosidl_typesupport_introspection_cppExport-noconfig.cmake\n'}
[7.951604] (micro_ros_msgs) StdoutLine: {'line': b'-- Installing: /home/deimos/deimosExNihilo_ws/install/micro_ros_msgs/share/micro_ros_msgs/cmake/micro_ros_msgs__rosidl_typesupport_cppExport.cmake\n'}
[7.951687] (micro_ros_msgs) StdoutLine: {'line': b'-- Installing: /home/deimos/deimosExNihilo_ws/install/micro_ros_msgs/share/micro_ros_msgs/cmake/micro_ros_msgs__rosidl_typesupport_cppExport-noconfig.cmake\n'}
[7.951769] (micro_ros_msgs) StdoutLine: {'line': b'-- Installing: /home/deimos/deimosExNihilo_ws/install/micro_ros_msgs/share/micro_ros_msgs/cmake/export_micro_ros_msgs__rosidl_generator_pyExport.cmake\n'}
[7.951850] (micro_ros_msgs) StdoutLine: {'line': b'-- Installing: /home/deimos/deimosExNihilo_ws/install/micro_ros_msgs/share/micro_ros_msgs/cmake/export_micro_ros_msgs__rosidl_generator_pyExport-noconfig.cmake\n'}
[7.951936] (micro_ros_msgs) StdoutLine: {'line': b'-- Installing: /home/deimos/deimosExNihilo_ws/install/micro_ros_msgs/share/micro_ros_msgs/cmake/rosidl_cmake-extras.cmake\n'}
[7.952020] (micro_ros_msgs) StdoutLine: {'line': b'-- Installing: /home/deimos/deimosExNihilo_ws/install/micro_ros_msgs/share/micro_ros_msgs/cmake/ament_cmake_export_include_directories-extras.cmake\n'}
[7.952096] (micro_ros_msgs) StdoutLine: {'line': b'-- Installing: /home/deimos/deimosExNihilo_ws/install/micro_ros_msgs/share/micro_ros_msgs/cmake/ament_cmake_export_libraries-extras.cmake\n'}
[7.952177] (micro_ros_msgs) StdoutLine: {'line': b'-- Installing: /home/deimos/deimosExNihilo_ws/install/micro_ros_msgs/share/micro_ros_msgs/cmake/ament_cmake_export_targets-extras.cmake\n'}
[7.952258] (micro_ros_msgs) StdoutLine: {'line': b'-- Installing: /home/deimos/deimosExNihilo_ws/install/micro_ros_msgs/share/micro_ros_msgs/cmake/rosidl_cmake_export_typesupport_targets-extras.cmake\n'}
[7.952341] (micro_ros_msgs) StdoutLine: {'line': b'-- Installing: /home/deimos/deimosExNihilo_ws/install/micro_ros_msgs/share/micro_ros_msgs/cmake/ament_cmake_export_dependencies-extras.cmake\n'}
[7.952423] (micro_ros_msgs) StdoutLine: {'line': b'-- Installing: /home/deimos/deimosExNihilo_ws/install/micro_ros_msgs/share/micro_ros_msgs/cmake/rosidl_cmake_export_typesupport_libraries-extras.cmake\n'}
[7.952506] (micro_ros_msgs) StdoutLine: {'line': b'-- Installing: /home/deimos/deimosExNihilo_ws/install/micro_ros_msgs/share/micro_ros_msgs/cmake/micro_ros_msgsConfig.cmake\n'}
[7.952597] (micro_ros_msgs) StdoutLine: {'line': b'-- Installing: /home/deimos/deimosExNihilo_ws/install/micro_ros_msgs/share/micro_ros_msgs/cmake/micro_ros_msgsConfig-version.cmake\n'}
[7.952682] (micro_ros_msgs) StdoutLine: {'line': b'-- Installing: /home/deimos/deimosExNihilo_ws/install/micro_ros_msgs/share/micro_ros_msgs/package.xml\n'}
[7.955289] (micro_ros_msgs) CommandEnded: {'returncode': 0}
[7.980254] (micro_ros_msgs) JobEnded: {'identifier': 'micro_ros_msgs', 'rc': 0}
[7.981823] (micro_ros_agent) JobStarted: {'identifier': 'micro_ros_agent'}
[7.992319] (micro_ros_agent) JobProgress: {'identifier': 'micro_ros_agent', 'progress': 'cmake'}
[7.992889] (micro_ros_agent) Command: {'cmd': ['/usr/bin/cmake', '/home/deimos/deimosExNihilo_ws/src/uros/micro-ROS-Agent/micro_ros_agent', '-DUAGENT_BUILD_EXECUTABLE=OFF', '-DUAGENT_P2P_PROFILE=OFF', '--no-warn-unused-cli', '-DCMAKE_INSTALL_PREFIX=/home/deimos/deimosExNihilo_ws/install/micro_ros_agent'], 'cwd': '/home/deimos/deimosExNihilo_ws/build/micro_ros_agent', 'env': OrderedDict({'LESSOPEN': '| /usr/bin/lesspipe %s', 'USER': 'deimos', 'XDG_SESSION_TYPE': 'wayland', 'CLUTTER_DISABLE_MIPMAPPED_TEXT': '1', 'SHLVL': '2', 'LD_LIBRARY_PATH': '/home/deimos/deimosExNihilo_ws/install/micro_ros_msgs/lib:/home/deimos/uros_ws/install/micro_ros_agent/lib:/home/deimos/uros_ws/install/micro_ros_msgs/lib:/opt/ros/jazzy/opt/rviz_ogre_vendor/lib:/opt/ros/jazzy/lib/x86_64-linux-gnu:/opt/ros/jazzy/opt/gz_math_vendor/lib:/opt/ros/jazzy/opt/gz_utils_vendor/lib:/opt/ros/jazzy/opt/gz_cmake_vendor/lib:/opt/ros/jazzy/lib', 'HOME': '/home/deimos', 'OLDPWD': '/home/deimos/deimosExNihilo_ws/src', 'DESKTOP_SESSION': 'ubuntu', 'ROS_PYTHON_VERSION': '3', 'GNOME_SHELL_SESSION_MODE': 'ubuntu', 'GTK_MODULES': 'gail:atk-bridge', 'SYSTEMD_EXEC_PID': '2765', 'GSM_SKIP_SSH_AGENT_WORKAROUND': 'true', 'DBUS_SESSION_BUS_ADDRESS': 'unix:path=/run/user/1000/bus', 'COLORTERM': 'truecolor', 'DEBUGINFOD_URLS': 'https://debuginfod.ubuntu.com', 'IM_CONFIG_PHASE': '1', 'WAYLAND_DISPLAY': 'wayland-0', 'COLCON_PREFIX_PATH': '/home/deimos/deimosExNihilo_ws/install:/home/deimos/uros_ws/install:/home/deimos/microros_teensy_ws/install', 'ROS_DISTRO': 'jazzy', 'LOGNAME': 'deimos', '_': '/usr/bin/colcon', 'ROS_VERSION': '2', 'MEMORY_PRESSURE_WATCH': '/sys/fs/cgroup/user.slice/user-1000.slice/user@1000.service/session.slice/org.gnome.Shell@wayland.service/memory.pressure', 'XDG_SESSION_CLASS': 'user', 'USERNAME': 'deimos', 'TERM': 'xterm-256color', 'GNOME_DESKTOP_SESSION_ID': 'this-is-deprecated', 'PATH': '/opt/ros/jazzy/bin:/usr/local/sbin:/usr/local/bin:/usr/sbin:/usr/bin:/sbin:/bin:/usr/games:/usr/local/games:/snap/bin:/snap/bin:/home/deimos/.platformio/penv/bin:/home/deimos/.platformio/penv/bin', 'SESSION_MANAGER': 'local/deimos-groundStation:@/tmp/.ICE-unix/2724,unix/deimos-groundStation:/tmp/.ICE-unix/2724', 'XDG_MENU_PREFIX': 'gnome-', 'GNOME_TERMINAL_SCREEN': '/org/gnome/Terminal/screen/da4f67b7_cb47_4a34_98b9_6cd861fe3923', 'GNOME_SETUP_DISPLAY': ':1', 'XDG_RUNTIME_DIR': '/run/user/1000', 'DISPLAY': ':0', 'LANG': 'en_US.UTF-8', 'XDG_CURRENT_DESKTOP': 'ubuntu:GNOME', 'XMODIFIERS': '@im=ibus', 'XDG_SESSION_DESKTOP': 'ubuntu', 'XAUTHORITY': '/run/user/1000/.mutter-Xwaylandauth.D0FTJ3', 'LS_COLORS': 'rs=0:di=01;34:ln=01;36:mh=00:pi=40;33:so=01;35:do=01;35:bd=40;33;01:cd=40;33;01:or=40;31;01:mi=00:su=37;41:sg=30;43:ca=00:tw=30;42:ow=34;42:st=37;44:ex=01;32:*.tar=01;31:*.tgz=01;31:*.arc=01;31:*.arj=01;31:*.taz=01;31:*.lha=01;31:*.lz4=01;31:*.lzh=01;31:*.lzma=01;31:*.tlz=01;31:*.txz=01;31:*.tzo=01;31:*.t7z=01;31:*.zip=01;31:*.z=01;31:*.dz=01;31:*.gz=01;31:*.lrz=01;31:*.lz=01;31:*.lzo=01;31:*.xz=01;31:*.zst=01;31:*.tzst=01;31:*.bz2=01;31:*.bz=01;31:*.tbz=01;31:*.tbz2=01;31:*.tz=01;31:*.deb=01;31:*.rpm=01;31:*.jar=01;31:*.war=01;31:*.ear=01;31:*.sar=01;31:*.rar=01;31:*.alz=01;31:*.ace=01;31:*.zoo=01;31:*.cpio=01;31:*.7z=01;31:*.rz=01;31:*.cab=01;31:*.wim=01;31:*.swm=01;31:*.dwm=01;31:*.esd=01;31:*.avif=01;35:*.jpg=01;35:*.jpeg=01;35:*.mjpg=01;35:*.mjpeg=01;35:*.gif=01;35:*.bmp=01;35:*.pbm=01;35:*.pgm=01;35:*.ppm=01;35:*.tga=01;35:*.xbm=01;35:*.xpm=01;35:*.tif=01;35:*.tiff=01;35:*.png=01;35:*.svg=01;35:*.svgz=01;35:*.mng=01;35:*.pcx=01;35:*.mov=01;35:*.mpg=01;35:*.mpeg=01;35:*.m2v=01;35:*.mkv=01;35:*.webm=01;35:*.webp=01;35:*.ogm=01;35:*.mp4=01;35:*.m4v=01;35:*.mp4v=01;35:*.vob=01;35:*.qt=01;35:*.nuv=01;35:*.wmv=01;35:*.asf=01;35:*.rm=01;35:*.rmvb=01;35:*.flc=01;35:*.avi=01;35:*.fli=01;35:*.flv=01;35:*.gl=01;35:*.dl=01;35:*.xcf=01;35:*.xwd=01;35:*.yuv=01;35:*.cgm=01;35:*.emf=01;35:*.ogv=01;35:*.ogx=01;35:*.aac=00;36:*.au=00;36:*.flac=00;36:*.m4a=00;36:*.mid=00;36:*.midi=00;36:*.mka=00;36:*.mp3=00;36:*.mpc=00;36:*.ogg=00;36:*.ra=00;36:*.wav=00;36:*.oga=00;36:*.opus=00;36:*.spx=00;36:*.xspf=00;36:*~=00;90:*#=00;90:*.bak=00;90:*.crdownload=00;90:*.dpkg-dist=00;90:*.dpkg-new=00;90:*.dpkg-old=00;90:*.dpkg-tmp=00;90:*.old=00;90:*.orig=00;90:*.part=00;90:*.rej=00;90:*.rpmnew=00;90:*.rpmorig=00;90:*.rpmsave=00;90:*.swp=00;90:*.tmp=00;90:*.ucf-dist=00;90:*.ucf-new=00;90:*.ucf-old=00;90:', 'GNOME_TERMINAL_SERVICE': ':1.262', 'SSH_AUTH_SOCK': '/run/user/1000/keyring/ssh', 'AMENT_PREFIX_PATH': '/home/deimos/deimosExNihilo_ws/install/micro_ros_msgs:/home/deimos/deimosExNihilo_ws/install/rover_teleop:/home/deimos/deimosExNihilo_ws/install/micro_ros_setup:/home/deimos/uros_ws/install/micro_ros_agent:/home/deimos/uros_ws/install/micro_ros_msgs:/home/deimos/microros_teensy_ws/install/micro_ros_setup:/opt/ros/jazzy', 'SHELL': '/bin/bash', 'QT_ACCESSIBILITY': '1', 'GDMSESSION': 'ubuntu', 'LESSCLOSE': '/usr/bin/lesspipe %s %s', 'ROS_AUTOMATIC_DISCOVERY_RANGE': 'SUBNET', 'QT_IM_MODULE': 'ibus', 'PWD': '/home/deimos/deimosExNihilo_ws/build/micro_ros_agent', 'XDG_CONFIG_DIRS': '/etc/xdg/xdg-ubuntu:/etc/xdg', 'XDG_DATA_DIRS': '/usr/share/ubuntu:/usr/share/gnome:/usr/local/share/:/usr/share/:/var/lib/snapd/desktop', 'PYTHONPATH': '/home/deimos/deimosExNihilo_ws/install/micro_ros_msgs/lib/python3.12/site-packages:/home/deimos/deimosExNihilo_ws/install/rover_teleop/lib/python3.12/site-packages:/home/deimos/uros_ws/install/micro_ros_msgs/lib/python3.12/site-packages:/opt/ros/jazzy/lib/python3.12/site-packages', 'COLCON': '1', 'MEMORY_PRESSURE_WRITE': 'c29tZSAyMDAwMDAgMjAwMDAwMAA=', 'VTE_VERSION': '7600', 'CMAKE_PREFIX_PATH': '/home/deimos/deimosExNihilo_ws/install/micro_ros_msgs:/home/deimos/deimosExNihilo_ws/install/micro_ros_setup:/home/deimos/uros_ws/install/micro_ros_agent:/home/deimos/uros_ws/install/micro_ros_msgs:/home/deimos/microros_teensy_ws/install/micro_ros_setup:/opt/ros/jazzy/opt/gz_math_vendor:/opt/ros/jazzy/opt/gz_utils_vendor:/opt/ros/jazzy/opt/gz_cmake_vendor:/home/deimos/deimosExNihilo_ws/install/rover_teleop:/opt/ros/jazzy'}), 'shell': False}
[8.002593] (micro_ros_agent) StdoutLine: {'line': b'Not searching for unused variables given on the command line.\n'}
[8.026140] (-) TimerEvent: {}
[8.085626] (micro_ros_agent) StdoutLine: {'line': b'-- The C compiler identification is GNU 13.3.0\n'}
[8.108360] (micro_ros_agent) StdoutLine: {'line': b'-- Detecting C compiler ABI info\n'}
[8.126271] (-) TimerEvent: {}
[8.226701] (-) TimerEvent: {}
[8.230122] (micro_ros_agent) StdoutLine: {'line': b'-- Detecting C compiler ABI info - done\n'}
[8.245553] (micro_ros_agent) StdoutLine: {'line': b'-- Check for working C compiler: /usr/bin/cc - skipped\n'}
[8.245934] (micro_ros_agent) StdoutLine: {'line': b'-- Detecting C compile features\n'}
[8.246441] (micro_ros_agent) StdoutLine: {'line': b'-- Detecting C compile features - done\n'}
[8.321076] (micro_ros_agent) StdoutLine: {'line': b'-- The CXX compiler identification is GNU 13.3.0\n'}
[8.326831] (-) TimerEvent: {}
[8.338716] (micro_ros_agent) StdoutLine: {'line': b'-- Detecting CXX compiler ABI info\n'}
[8.427006] (-) TimerEvent: {}
[8.470086] (micro_ros_agent) StdoutLine: {'line': b'-- Detecting CXX compiler ABI info - done\n'}
[8.484039] (micro_ros_agent) StdoutLine: {'line': b'-- Check for working CXX compiler: /usr/bin/c++ - skipped\n'}
[8.484365] (micro_ros_agent) StdoutLine: {'line': b'-- Detecting CXX compile features\n'}
[8.485106] (micro_ros_agent) StdoutLine: {'line': b'-- Detecting CXX compile features - done\n'}
[8.527236] (-) TimerEvent: {}
[8.528022] (micro_ros_agent) StdoutLine: {'line': b'-- Configuring done (0.5s)\n'}
[8.531487] (micro_ros_agent) StdoutLine: {'line': b'-- Generating done (0.0s)\n'}
[8.533284] (micro_ros_agent) StdoutLine: {'line': b'-- Build files have been written to: /home/deimos/deimosExNihilo_ws/build/micro_ros_agent\n'}
[8.539116] (micro_ros_agent) CommandEnded: {'returncode': 0}
[8.539919] (micro_ros_agent) JobProgress: {'identifier': 'micro_ros_agent', 'progress': 'build'}
[8.540408] (micro_ros_agent) Command: {'cmd': ['/usr/bin/cmake', '--build', '/home/deimos/deimosExNihilo_ws/build/micro_ros_agent', '--', '-j12', '-l12'], 'cwd': '/home/deimos/deimosExNihilo_ws/build/micro_ros_agent', 'env': OrderedDict({'LESSOPEN': '| /usr/bin/lesspipe %s', 'USER': 'deimos', 'XDG_SESSION_TYPE': 'wayland', 'CLUTTER_DISABLE_MIPMAPPED_TEXT': '1', 'SHLVL': '2', 'LD_LIBRARY_PATH': '/home/deimos/deimosExNihilo_ws/install/micro_ros_msgs/lib:/home/deimos/uros_ws/install/micro_ros_agent/lib:/home/deimos/uros_ws/install/micro_ros_msgs/lib:/opt/ros/jazzy/opt/rviz_ogre_vendor/lib:/opt/ros/jazzy/lib/x86_64-linux-gnu:/opt/ros/jazzy/opt/gz_math_vendor/lib:/opt/ros/jazzy/opt/gz_utils_vendor/lib:/opt/ros/jazzy/opt/gz_cmake_vendor/lib:/opt/ros/jazzy/lib', 'HOME': '/home/deimos', 'OLDPWD': '/home/deimos/deimosExNihilo_ws/src', 'DESKTOP_SESSION': 'ubuntu', 'ROS_PYTHON_VERSION': '3', 'GNOME_SHELL_SESSION_MODE': 'ubuntu', 'GTK_MODULES': 'gail:atk-bridge', 'SYSTEMD_EXEC_PID': '2765', 'GSM_SKIP_SSH_AGENT_WORKAROUND': 'true', 'DBUS_SESSION_BUS_ADDRESS': 'unix:path=/run/user/1000/bus', 'COLORTERM': 'truecolor', 'DEBUGINFOD_URLS': 'https://debuginfod.ubuntu.com', 'IM_CONFIG_PHASE': '1', 'WAYLAND_DISPLAY': 'wayland-0', 'COLCON_PREFIX_PATH': '/home/deimos/deimosExNihilo_ws/install:/home/deimos/uros_ws/install:/home/deimos/microros_teensy_ws/install', 'ROS_DISTRO': 'jazzy', 'LOGNAME': 'deimos', '_': '/usr/bin/colcon', 'ROS_VERSION': '2', 'MEMORY_PRESSURE_WATCH': '/sys/fs/cgroup/user.slice/user-1000.slice/user@1000.service/session.slice/org.gnome.Shell@wayland.service/memory.pressure', 'XDG_SESSION_CLASS': 'user', 'USERNAME': 'deimos', 'TERM': 'xterm-256color', 'GNOME_DESKTOP_SESSION_ID': 'this-is-deprecated', 'PATH': '/opt/ros/jazzy/bin:/usr/local/sbin:/usr/local/bin:/usr/sbin:/usr/bin:/sbin:/bin:/usr/games:/usr/local/games:/snap/bin:/snap/bin:/home/deimos/.platformio/penv/bin:/home/deimos/.platformio/penv/bin', 'SESSION_MANAGER': 'local/deimos-groundStation:@/tmp/.ICE-unix/2724,unix/deimos-groundStation:/tmp/.ICE-unix/2724', 'XDG_MENU_PREFIX': 'gnome-', 'GNOME_TERMINAL_SCREEN': '/org/gnome/Terminal/screen/da4f67b7_cb47_4a34_98b9_6cd861fe3923', 'GNOME_SETUP_DISPLAY': ':1', 'XDG_RUNTIME_DIR': '/run/user/1000', 'DISPLAY': ':0', 'LANG': 'en_US.UTF-8', 'XDG_CURRENT_DESKTOP': 'ubuntu:GNOME', 'XMODIFIERS': '@im=ibus', 'XDG_SESSION_DESKTOP': 'ubuntu', 'XAUTHORITY': '/run/user/1000/.mutter-Xwaylandauth.D0FTJ3', 'LS_COLORS': 'rs=0:di=01;34:ln=01;36:mh=00:pi=40;33:so=01;35:do=01;35:bd=40;33;01:cd=40;33;01:or=40;31;01:mi=00:su=37;41:sg=30;43:ca=00:tw=30;42:ow=34;42:st=37;44:ex=01;32:*.tar=01;31:*.tgz=01;31:*.arc=01;31:*.arj=01;31:*.taz=01;31:*.lha=01;31:*.lz4=01;31:*.lzh=01;31:*.lzma=01;31:*.tlz=01;31:*.txz=01;31:*.tzo=01;31:*.t7z=01;31:*.zip=01;31:*.z=01;31:*.dz=01;31:*.gz=01;31:*.lrz=01;31:*.lz=01;31:*.lzo=01;31:*.xz=01;31:*.zst=01;31:*.tzst=01;31:*.bz2=01;31:*.bz=01;31:*.tbz=01;31:*.tbz2=01;31:*.tz=01;31:*.deb=01;31:*.rpm=01;31:*.jar=01;31:*.war=01;31:*.ear=01;31:*.sar=01;31:*.rar=01;31:*.alz=01;31:*.ace=01;31:*.zoo=01;31:*.cpio=01;31:*.7z=01;31:*.rz=01;31:*.cab=01;31:*.wim=01;31:*.swm=01;31:*.dwm=01;31:*.esd=01;31:*.avif=01;35:*.jpg=01;35:*.jpeg=01;35:*.mjpg=01;35:*.mjpeg=01;35:*.gif=01;35:*.bmp=01;35:*.pbm=01;35:*.pgm=01;35:*.ppm=01;35:*.tga=01;35:*.xbm=01;35:*.xpm=01;35:*.tif=01;35:*.tiff=01;35:*.png=01;35:*.svg=01;35:*.svgz=01;35:*.mng=01;35:*.pcx=01;35:*.mov=01;35:*.mpg=01;35:*.mpeg=01;35:*.m2v=01;35:*.mkv=01;35:*.webm=01;35:*.webp=01;35:*.ogm=01;35:*.mp4=01;35:*.m4v=01;35:*.mp4v=01;35:*.vob=01;35:*.qt=01;35:*.nuv=01;35:*.wmv=01;35:*.asf=01;35:*.rm=01;35:*.rmvb=01;35:*.flc=01;35:*.avi=01;35:*.fli=01;35:*.flv=01;35:*.gl=01;35:*.dl=01;35:*.xcf=01;35:*.xwd=01;35:*.yuv=01;35:*.cgm=01;35:*.emf=01;35:*.ogv=01;35:*.ogx=01;35:*.aac=00;36:*.au=00;36:*.flac=00;36:*.m4a=00;36:*.mid=00;36:*.midi=00;36:*.mka=00;36:*.mp3=00;36:*.mpc=00;36:*.ogg=00;36:*.ra=00;36:*.wav=00;36:*.oga=00;36:*.opus=00;36:*.spx=00;36:*.xspf=00;36:*~=00;90:*#=00;90:*.bak=00;90:*.crdownload=00;90:*.dpkg-dist=00;90:*.dpkg-new=00;90:*.dpkg-old=00;90:*.dpkg-tmp=00;90:*.old=00;90:*.orig=00;90:*.part=00;90:*.rej=00;90:*.rpmnew=00;90:*.rpmorig=00;90:*.rpmsave=00;90:*.swp=00;90:*.tmp=00;90:*.ucf-dist=00;90:*.ucf-new=00;90:*.ucf-old=00;90:', 'GNOME_TERMINAL_SERVICE': ':1.262', 'SSH_AUTH_SOCK': '/run/user/1000/keyring/ssh', 'AMENT_PREFIX_PATH': '/home/deimos/deimosExNihilo_ws/install/micro_ros_msgs:/home/deimos/deimosExNihilo_ws/install/rover_teleop:/home/deimos/deimosExNihilo_ws/install/micro_ros_setup:/home/deimos/uros_ws/install/micro_ros_agent:/home/deimos/uros_ws/install/micro_ros_msgs:/home/deimos/microros_teensy_ws/install/micro_ros_setup:/opt/ros/jazzy', 'SHELL': '/bin/bash', 'QT_ACCESSIBILITY': '1', 'GDMSESSION': 'ubuntu', 'LESSCLOSE': '/usr/bin/lesspipe %s %s', 'ROS_AUTOMATIC_DISCOVERY_RANGE': 'SUBNET', 'QT_IM_MODULE': 'ibus', 'PWD': '/home/deimos/deimosExNihilo_ws/build/micro_ros_agent', 'XDG_CONFIG_DIRS': '/etc/xdg/xdg-ubuntu:/etc/xdg', 'XDG_DATA_DIRS': '/usr/share/ubuntu:/usr/share/gnome:/usr/local/share/:/usr/share/:/var/lib/snapd/desktop', 'PYTHONPATH': '/home/deimos/deimosExNihilo_ws/install/micro_ros_msgs/lib/python3.12/site-packages:/home/deimos/deimosExNihilo_ws/install/rover_teleop/lib/python3.12/site-packages:/home/deimos/uros_ws/install/micro_ros_msgs/lib/python3.12/site-packages:/opt/ros/jazzy/lib/python3.12/site-packages', 'COLCON': '1', 'MEMORY_PRESSURE_WRITE': 'c29tZSAyMDAwMDAgMjAwMDAwMAA=', 'VTE_VERSION': '7600', 'CMAKE_PREFIX_PATH': '/home/deimos/deimosExNihilo_ws/install/micro_ros_msgs:/home/deimos/deimosExNihilo_ws/install/micro_ros_setup:/home/deimos/uros_ws/install/micro_ros_agent:/home/deimos/uros_ws/install/micro_ros_msgs:/home/deimos/microros_teensy_ws/install/micro_ros_setup:/opt/ros/jazzy/opt/gz_math_vendor:/opt/ros/jazzy/opt/gz_utils_vendor:/opt/ros/jazzy/opt/gz_cmake_vendor:/home/deimos/deimosExNihilo_ws/install/rover_teleop:/opt/ros/jazzy'}), 'shell': False}
[8.605040] (micro_ros_agent) StdoutLine: {'line': b"[  6%] \x1b[34m\x1b[1mCreating directories for 'xrceagent'\x1b[0m\n"}
[8.627381] (-) TimerEvent: {}
[8.639409] (micro_ros_agent) StdoutLine: {'line': b"[ 12%] \x1b[34m\x1b[1mPerforming download step (git clone) for 'xrceagent'\x1b[0m\n"}
[8.667756] (micro_ros_agent) StderrLine: {'line': b"Cloning into 'xrceagent'...\n"}
[8.727693] (-) TimerEvent: {}
[8.828177] (-) TimerEvent: {}
[8.928694] (-) TimerEvent: {}
[9.029328] (-) TimerEvent: {}
[9.129847] (-) TimerEvent: {}
[9.230420] (-) TimerEvent: {}
[9.330935] (-) TimerEvent: {}
[9.431414] (-) TimerEvent: {}
[9.532063] (-) TimerEvent: {}
[9.632417] (-) TimerEvent: {}
[9.732752] (-) TimerEvent: {}
[9.833148] (-) TimerEvent: {}
[9.933620] (-) TimerEvent: {}
[9.977878] (micro_ros_agent) StderrLine: {'line': b'HEAD is now at 7362281 Release v2.4.3\n'}
[10.033848] (-) TimerEvent: {}
[10.049752] (micro_ros_agent) StdoutLine: {'line': b"[ 18%] \x1b[34m\x1b[1mPerforming update step for 'xrceagent'\x1b[0m\n"}
[10.090990] (micro_ros_agent) StdoutLine: {'line': b"[ 25%] \x1b[34m\x1b[1mNo patch step for 'xrceagent'\x1b[0m\n"}
[10.130175] (micro_ros_agent) StdoutLine: {'line': b"[ 31%] \x1b[34m\x1b[1mPerforming configure step for 'xrceagent'\x1b[0m\n"}
[10.134022] (-) TimerEvent: {}
[10.147062] (micro_ros_agent) StdoutLine: {'line': b'loading initial cache file /home/deimos/deimosExNihilo_ws/build/micro_ros_agent/agent/tmp/xrceagent-cache-.cmake\n'}
[10.234190] (-) TimerEvent: {}
[10.248764] (micro_ros_agent) StdoutLine: {'line': b'-- The C compiler identification is GNU 13.3.0\n'}
[10.266424] (micro_ros_agent) StdoutLine: {'line': b'-- Detecting C compiler ABI info\n'}
[10.334436] (-) TimerEvent: {}
[10.405923] (micro_ros_agent) StdoutLine: {'line': b'-- Detecting C compiler ABI info - done\n'}
[10.420735] (micro_ros_agent) StdoutLine: {'line': b'-- Check for working C compiler: /usr/bin/cc - skipped\n'}
[10.421172] (micro_ros_agent) StdoutLine: {'line': b'-- Detecting C compile features\n'}
[10.421438] (micro_ros_agent) StdoutLine: {'line': b'-- Detecting C compile features - done\n'}
[10.434675] (-) TimerEvent: {}
[10.494935] (micro_ros_agent) StdoutLine: {'line': b'-- The CXX compiler identification is GNU 13.3.0\n'}
[10.514638] (micro_ros_agent) StdoutLine: {'line': b'-- Detecting CXX compiler ABI info\n'}
[10.534841] (-) TimerEvent: {}
[10.635161] (-) TimerEvent: {}
[10.644686] (micro_ros_agent) StdoutLine: {'line': b'-- Detecting CXX compiler ABI info - done\n'}
[10.658979] (micro_ros_agent) StdoutLine: {'line': b'-- Check for working CXX compiler: /usr/bin/c++ - skipped\n'}
[10.659289] (micro_ros_agent) StdoutLine: {'line': b'-- Detecting CXX compile features\n'}
[10.659928] (micro_ros_agent) StdoutLine: {'line': b'-- Detecting CXX compile features - done\n'}
[10.711455] (micro_ros_agent) StdoutLine: {'line': b'-- Configuring done (0.6s)\n'}
[10.716134] (micro_ros_agent) StdoutLine: {'line': b'-- Generating done (0.0s)\n'}
[10.717230] (micro_ros_agent) StdoutLine: {'line': b'-- Build files have been written to: /home/deimos/deimosExNihilo_ws/build/micro_ros_agent/agent/src/xrceagent-build\n'}
[10.735280] (-) TimerEvent: {}
[10.746219] (micro_ros_agent) StdoutLine: {'line': b"[ 37%] \x1b[34m\x1b[1mPerforming build step for 'xrceagent'\x1b[0m\n"}
[10.802622] (micro_ros_agent) StdoutLine: {'line': b"[  6%] \x1b[34m\x1b[1mCreating directories for 'spdlog'\x1b[0m\n"}
[10.835524] (-) TimerEvent: {}
[10.836794] (micro_ros_agent) StdoutLine: {'line': b"[ 12%] \x1b[34m\x1b[1mPerforming download step (git clone) for 'spdlog'\x1b[0m\n"}
[10.862984] (micro_ros_agent) StderrLine: {'line': b"Cloning into 'spdlog'...\n"}
[10.935787] (-) TimerEvent: {}
[11.036232] (-) TimerEvent: {}
[11.136675] (-) TimerEvent: {}
[11.237121] (-) TimerEvent: {}
[11.337566] (-) TimerEvent: {}
[11.438014] (-) TimerEvent: {}
[11.538462] (-) TimerEvent: {}
[11.638913] (-) TimerEvent: {}
[11.739277] (-) TimerEvent: {}
[11.839663] (-) TimerEvent: {}
[11.939994] (-) TimerEvent: {}
[12.040471] (-) TimerEvent: {}
[12.140828] (-) TimerEvent: {}
[12.241341] (-) TimerEvent: {}
[12.341647] (-) TimerEvent: {}
[12.442005] (-) TimerEvent: {}
[12.542361] (-) TimerEvent: {}
[12.642779] (-) TimerEvent: {}
[12.743229] (-) TimerEvent: {}
[12.843700] (-) TimerEvent: {}
[12.944024] (-) TimerEvent: {}
[13.044392] (-) TimerEvent: {}
[13.144816] (-) TimerEvent: {}
[13.245141] (-) TimerEvent: {}
[13.345469] (-) TimerEvent: {}
[13.445807] (-) TimerEvent: {}
[13.546130] (-) TimerEvent: {}
[13.646460] (-) TimerEvent: {}
[13.746808] (-) TimerEvent: {}
[13.847157] (-) TimerEvent: {}
[13.947497] (-) TimerEvent: {}
[14.047835] (-) TimerEvent: {}
[14.148217] (-) TimerEvent: {}
[14.248713] (-) TimerEvent: {}
[14.349152] (-) TimerEvent: {}
[14.449703] (-) TimerEvent: {}
[14.455695] (micro_ros_agent) StderrLine: {'line': b'HEAD is now at eb322062 Bump version to 1.9.2\n'}
[14.534412] (micro_ros_agent) StdoutLine: {'line': b"[ 18%] \x1b[34m\x1b[1mPerforming update step for 'spdlog'\x1b[0m\n"}
[14.549864] (-) TimerEvent: {}
[14.566623] (micro_ros_agent) StdoutLine: {'line': b"[ 25%] \x1b[34m\x1b[1mNo patch step for 'spdlog'\x1b[0m\n"}
[14.597892] (micro_ros_agent) StdoutLine: {'line': b"[ 31%] \x1b[34m\x1b[1mPerforming configure step for 'spdlog'\x1b[0m\n"}
[14.608948] (micro_ros_agent) StdoutLine: {'line': b'loading initial cache file /home/deimos/deimosExNihilo_ws/build/micro_ros_agent/agent/src/xrceagent-build/spdlog/tmp/spdlog-cache-.cmake\n'}
[14.650020] (-) TimerEvent: {}
[14.682896] (micro_ros_agent) StdoutLine: {'line': b'-- The CXX compiler identification is GNU 13.3.0\n'}
[14.711255] (micro_ros_agent) StdoutLine: {'line': b'-- Detecting CXX compiler ABI info\n'}
[14.750160] (-) TimerEvent: {}
[14.850628] (-) TimerEvent: {}
[14.853902] (micro_ros_agent) StdoutLine: {'line': b'-- Detecting CXX compiler ABI info - done\n'}
[14.868092] (micro_ros_agent) StdoutLine: {'line': b'-- Check for working CXX compiler: /usr/bin/c++ - skipped\n'}
[14.868369] (micro_ros_agent) StdoutLine: {'line': b'-- Detecting CXX compile features\n'}
[14.868973] (micro_ros_agent) StdoutLine: {'line': b'-- Detecting CXX compile features - done\n'}
[14.869618] (micro_ros_agent) StdoutLine: {'line': b'-- Build spdlog: 1.9.2\n'}
[14.872745] (micro_ros_agent) StdoutLine: {'line': b'-- Performing Test CMAKE_HAVE_LIBC_PTHREAD\n'}
[14.950790] (-) TimerEvent: {}
[15.002857] (micro_ros_agent) StdoutLine: {'line': b'-- Performing Test CMAKE_HAVE_LIBC_PTHREAD - Success\n'}
[15.003959] (micro_ros_agent) StdoutLine: {'line': b'-- Found Threads: TRUE  \n'}
[15.004141] (micro_ros_agent) StdoutLine: {'line': b'-- Build type: Release\n'}
[15.004873] (micro_ros_agent) StdoutLine: {'line': b'-- Generating example(s)\n'}
[15.005538] (micro_ros_agent) StdoutLine: {'line': b'-- Generating install\n'}
[15.016742] (micro_ros_agent) StdoutLine: {'line': b'-- Configuring done (0.4s)\n'}
[15.025062] (micro_ros_agent) StdoutLine: {'line': b'-- Generating done (0.0s)\n'}
[15.025760] (micro_ros_agent) StdoutLine: {'line': b'-- Build files have been written to: /home/deimos/deimosExNihilo_ws/build/micro_ros_agent/agent/src/xrceagent-build/spdlog/src/spdlog-build\n'}
[15.050973] (-) TimerEvent: {}
[15.051400] (micro_ros_agent) StdoutLine: {'line': b"[ 37%] \x1b[34m\x1b[1mPerforming build step for 'spdlog'\x1b[0m\n"}
[15.108557] (micro_ros_agent) StdoutLine: {'line': b'[ 10%] \x1b[32mBuilding CXX object CMakeFiles/spdlog.dir/src/async.cpp.o\x1b[0m\n'}
[15.109646] (micro_ros_agent) StdoutLine: {'line': b'[ 30%] \x1b[32mBuilding CXX object CMakeFiles/spdlog.dir/src/file_sinks.cpp.o\x1b[0m\n'}
[15.110147] (micro_ros_agent) StdoutLine: {'line': b'[ 40%] \x1b[32mBuilding CXX object CMakeFiles/spdlog.dir/src/spdlog.cpp.o\x1b[0m\n'}
[15.110470] (micro_ros_agent) StdoutLine: {'line': b'[ 40%] \x1b[32mBuilding CXX object CMakeFiles/spdlog.dir/src/stdout_sinks.cpp.o\x1b[0m\n'}
[15.111058] (micro_ros_agent) StdoutLine: {'line': b'[ 50%] \x1b[32mBuilding CXX object CMakeFiles/spdlog.dir/src/color_sinks.cpp.o\x1b[0m\n'}
[15.112275] (micro_ros_agent) StdoutLine: {'line': b'[ 60%] \x1b[32mBuilding CXX object CMakeFiles/spdlog.dir/src/cfg.cpp.o\x1b[0m\n'}
[15.113113] (micro_ros_agent) StdoutLine: {'line': b'[ 70%] \x1b[32mBuilding CXX object CMakeFiles/spdlog.dir/src/fmt.cpp.o\x1b[0m\n'}
[15.151141] (-) TimerEvent: {}
[15.251535] (-) TimerEvent: {}
[15.351964] (-) TimerEvent: {}
[15.452335] (-) TimerEvent: {}
[15.552781] (-) TimerEvent: {}
[15.653272] (-) TimerEvent: {}
[15.753705] (-) TimerEvent: {}
[15.854092] (-) TimerEvent: {}
[15.954515] (-) TimerEvent: {}
[16.054907] (-) TimerEvent: {}
[16.155296] (-) TimerEvent: {}
[16.255657] (-) TimerEvent: {}
[16.356012] (-) TimerEvent: {}
[16.456359] (-) TimerEvent: {}
[16.556687] (-) TimerEvent: {}
[16.657038] (-) TimerEvent: {}
[16.757437] (-) TimerEvent: {}
[16.857843] (-) TimerEvent: {}
[16.958200] (-) TimerEvent: {}
[17.058616] (-) TimerEvent: {}
[17.159019] (-) TimerEvent: {}
[17.259410] (-) TimerEvent: {}
[17.359810] (-) TimerEvent: {}
[17.460196] (-) TimerEvent: {}
[17.560610] (-) TimerEvent: {}
[17.660953] (-) TimerEvent: {}
[17.761415] (-) TimerEvent: {}
[17.861818] (-) TimerEvent: {}
[17.962288] (-) TimerEvent: {}
[18.062677] (-) TimerEvent: {}
[18.163131] (-) TimerEvent: {}
[18.263464] (-) TimerEvent: {}
[18.363938] (-) TimerEvent: {}
[18.464293] (-) TimerEvent: {}
[18.564740] (-) TimerEvent: {}
[18.665070] (-) TimerEvent: {}
[18.765532] (-) TimerEvent: {}
[18.865880] (-) TimerEvent: {}
[18.966345] (-) TimerEvent: {}
[19.066903] (-) TimerEvent: {}
[19.167261] (-) TimerEvent: {}
[19.267711] (-) TimerEvent: {}
[19.368163] (-) TimerEvent: {}
[19.468508] (-) TimerEvent: {}
[19.568960] (-) TimerEvent: {}
[19.669411] (-) TimerEvent: {}
[19.769872] (-) TimerEvent: {}
[19.870332] (-) TimerEvent: {}
[19.970786] (-) TimerEvent: {}
[20.071241] (-) TimerEvent: {}
[20.171700] (-) TimerEvent: {}
[20.272166] (-) TimerEvent: {}
[20.372656] (-) TimerEvent: {}
[20.473111] (-) TimerEvent: {}
[20.573550] (-) TimerEvent: {}
[20.674001] (-) TimerEvent: {}
[20.774436] (-) TimerEvent: {}
[20.874916] (-) TimerEvent: {}
[20.975362] (-) TimerEvent: {}
[21.075819] (-) TimerEvent: {}
[21.176275] (-) TimerEvent: {}
[21.276720] (-) TimerEvent: {}
[21.377066] (-) TimerEvent: {}
[21.477513] (-) TimerEvent: {}
[21.577995] (-) TimerEvent: {}
[21.678447] (-) TimerEvent: {}
[21.778905] (-) TimerEvent: {}
[21.879250] (-) TimerEvent: {}
[21.979587] (-) TimerEvent: {}
[22.080041] (-) TimerEvent: {}
[22.180381] (-) TimerEvent: {}
[22.280829] (-) TimerEvent: {}
[22.381279] (-) TimerEvent: {}
[22.481719] (-) TimerEvent: {}
[22.583085] (-) TimerEvent: {}
[22.684084] (-) TimerEvent: {}
[22.784477] (-) TimerEvent: {}
[22.885387] (-) TimerEvent: {}
[22.985781] (-) TimerEvent: {}
[23.086659] (-) TimerEvent: {}
[23.187068] (-) TimerEvent: {}
[23.287916] (-) TimerEvent: {}
[23.388325] (-) TimerEvent: {}
[23.489246] (-) TimerEvent: {}
[23.589580] (-) TimerEvent: {}
[23.690511] (-) TimerEvent: {}
[23.790825] (-) TimerEvent: {}
[23.891255] (-) TimerEvent: {}
[23.930703] (micro_ros_agent) StdoutLine: {'line': b'[ 80%] \x1b[32m\x1b[1mLinking CXX static library libspdlog.a\x1b[0m\n'}
[23.991467] (-) TimerEvent: {}
[24.022926] (micro_ros_agent) StdoutLine: {'line': b'[ 80%] Built target spdlog\n'}
[24.051936] (micro_ros_agent) StdoutLine: {'line': b'[ 90%] \x1b[32mBuilding CXX object example/CMakeFiles/example.dir/example.cpp.o\x1b[0m\n'}
[24.091681] (-) TimerEvent: {}
[24.192133] (-) TimerEvent: {}
[24.292760] (-) TimerEvent: {}
[24.393095] (-) TimerEvent: {}
[24.493547] (-) TimerEvent: {}
[24.593884] (-) TimerEvent: {}
[24.694349] (-) TimerEvent: {}
[24.794682] (-) TimerEvent: {}
[24.895024] (-) TimerEvent: {}
[24.995456] (-) TimerEvent: {}
[25.095905] (-) TimerEvent: {}
[25.196314] (-) TimerEvent: {}
[25.296726] (-) TimerEvent: {}
[25.397138] (-) TimerEvent: {}
[25.497450] (-) TimerEvent: {}
[25.597888] (-) TimerEvent: {}
[25.698219] (-) TimerEvent: {}
[25.798680] (-) TimerEvent: {}
[25.899176] (-) TimerEvent: {}
[25.999729] (-) TimerEvent: {}
[26.100072] (-) TimerEvent: {}
[26.200531] (-) TimerEvent: {}
[26.301003] (-) TimerEvent: {}
[26.401440] (-) TimerEvent: {}
[26.501895] (-) TimerEvent: {}
[26.602331] (-) TimerEvent: {}
[26.702773] (-) TimerEvent: {}
[26.803236] (-) TimerEvent: {}
[26.903610] (-) TimerEvent: {}
[27.003979] (-) TimerEvent: {}
[27.104362] (-) TimerEvent: {}
[27.204795] (-) TimerEvent: {}
[27.305280] (-) TimerEvent: {}
[27.405723] (-) TimerEvent: {}
[27.506181] (-) TimerEvent: {}
[27.606632] (-) TimerEvent: {}
[27.707109] (-) TimerEvent: {}
[27.807564] (-) TimerEvent: {}
[27.908054] (-) TimerEvent: {}
[28.008407] (-) TimerEvent: {}
[28.108870] (-) TimerEvent: {}
[28.209316] (-) TimerEvent: {}
[28.309761] (-) TimerEvent: {}
[28.410115] (-) TimerEvent: {}
[28.510590] (-) TimerEvent: {}
[28.610949] (-) TimerEvent: {}
[28.711335] (-) TimerEvent: {}
[28.811824] (-) TimerEvent: {}
[28.912297] (-) TimerEvent: {}
[29.012676] (-) TimerEvent: {}
[29.113050] (-) TimerEvent: {}
[29.213481] (-) TimerEvent: {}
[29.313857] (-) TimerEvent: {}
[29.414297] (-) TimerEvent: {}
[29.485648] (micro_ros_agent) StdoutLine: {'line': b'[100%] \x1b[32m\x1b[1mLinking CXX executable example\x1b[0m\n'}
[29.514456] (-) TimerEvent: {}
[29.597771] (micro_ros_agent) StdoutLine: {'line': b'[100%] Built target example\n'}
[29.614601] (-) TimerEvent: {}
[29.633477] (micro_ros_agent) StdoutLine: {'line': b"[ 43%] \x1b[34m\x1b[1mPerforming install step for 'spdlog'\x1b[0m\n"}
[29.704137] (micro_ros_agent) StdoutLine: {'line': b'[ 80%] Built target spdlog\n'}
[29.714718] (-) TimerEvent: {}
[29.742371] (micro_ros_agent) StdoutLine: {'line': b'[100%] Built target example\n'}
[29.774256] (micro_ros_agent) StdoutLine: {'line': b'\x1b[36mInstall the project...\x1b[0m\n'}
[29.789027] (micro_ros_agent) StdoutLine: {'line': b'-- Install configuration: "Release"\n'}
[29.789562] (micro_ros_agent) StdoutLine: {'line': b'-- Installing: /home/deimos/deimosExNihilo_ws/build/micro_ros_agent/agent/src/xrceagent-build/temp_install/spdlog-1.9.2/include\n'}
[29.790119] (micro_ros_agent) StdoutLine: {'line': b'-- Installing: /home/deimos/deimosExNihilo_ws/build/micro_ros_agent/agent/src/xrceagent-build/temp_install/spdlog-1.9.2/include/spdlog\n'}
[29.790306] (micro_ros_agent) StdoutLine: {'line': b'-- Installing: /home/deimos/deimosExNihilo_ws/build/micro_ros_agent/agent/src/xrceagent-build/temp_install/spdlog-1.9.2/include/spdlog/common-inl.h\n'}
[29.790406] (micro_ros_agent) StdoutLine: {'line': b'-- Installing: /home/deimos/deimosExNihilo_ws/build/micro_ros_agent/agent/src/xrceagent-build/temp_install/spdlog-1.9.2/include/spdlog/async.h\n'}
[29.790494] (micro_ros_agent) StdoutLine: {'line': b'-- Installing: /home/deimos/deimosExNihilo_ws/build/micro_ros_agent/agent/src/xrceagent-build/temp_install/spdlog-1.9.2/include/spdlog/formatter.h\n'}
[29.790635] (micro_ros_agent) StdoutLine: {'line': b'-- Installing: /home/deimos/deimosExNihilo_ws/build/micro_ros_agent/agent/src/xrceagent-build/temp_install/spdlog-1.9.2/include/spdlog/spdlog-inl.h\n'}
[29.790719] (micro_ros_agent) StdoutLine: {'line': b'-- Installing: /home/deimos/deimosExNihilo_ws/build/micro_ros_agent/agent/src/xrceagent-build/temp_install/spdlog-1.9.2/include/spdlog/version.h\n'}
[29.790797] (micro_ros_agent) StdoutLine: {'line': b'-- Installing: /home/deimos/deimosExNihilo_ws/build/micro_ros_agent/agent/src/xrceagent-build/temp_install/spdlog-1.9.2/include/spdlog/async_logger.h\n'}
[29.790878] (micro_ros_agent) StdoutLine: {'line': b'-- Installing: /home/deimos/deimosExNihilo_ws/build/micro_ros_agent/agent/src/xrceagent-build/temp_install/spdlog-1.9.2/include/spdlog/common.h\n'}
[29.790953] (micro_ros_agent) StdoutLine: {'line': b'-- Installing: /home/deimos/deimosExNihilo_ws/build/micro_ros_agent/agent/src/xrceagent-build/temp_install/spdlog-1.9.2/include/spdlog/logger.h\n'}
[29.791031] (micro_ros_agent) StdoutLine: {'line': b'-- Installing: /home/deimos/deimosExNihilo_ws/build/micro_ros_agent/agent/src/xrceagent-build/temp_install/spdlog-1.9.2/include/spdlog/details\n'}
[29.791106] (micro_ros_agent) StdoutLine: {'line': b'-- Installing: /home/deimos/deimosExNihilo_ws/build/micro_ros_agent/agent/src/xrceagent-build/temp_install/spdlog-1.9.2/include/spdlog/details/periodic_worker.h\n'}
[29.791182] (micro_ros_agent) StdoutLine: {'line': b'-- Installing: /home/deimos/deimosExNihilo_ws/build/micro_ros_agent/agent/src/xrceagent-build/temp_install/spdlog-1.9.2/include/spdlog/details/backtracer.h\n'}
[29.791257] (micro_ros_agent) StdoutLine: {'line': b'-- Installing: /home/deimos/deimosExNihilo_ws/build/micro_ros_agent/agent/src/xrceagent-build/temp_install/spdlog-1.9.2/include/spdlog/details/fmt_helper.h\n'}
[29.791329] (micro_ros_agent) StdoutLine: {'line': b'-- Installing: /home/deimos/deimosExNihilo_ws/build/micro_ros_agent/agent/src/xrceagent-build/temp_install/spdlog-1.9.2/include/spdlog/details/file_helper-inl.h\n'}
[29.791429] (micro_ros_agent) StdoutLine: {'line': b'-- Installing: /home/deimos/deimosExNihilo_ws/build/micro_ros_agent/agent/src/xrceagent-build/temp_install/spdlog-1.9.2/include/spdlog/details/registry-inl.h\n'}
[29.791563] (micro_ros_agent) StdoutLine: {'line': b'-- Installing: /home/deimos/deimosExNihilo_ws/build/micro_ros_agent/agent/src/xrceagent-build/temp_install/spdlog-1.9.2/include/spdlog/details/thread_pool.h\n'}
[29.791704] (micro_ros_agent) StdoutLine: {'line': b'-- Installing: /home/deimos/deimosExNihilo_ws/build/micro_ros_agent/agent/src/xrceagent-build/temp_install/spdlog-1.9.2/include/spdlog/details/null_mutex.h\n'}
[29.791854] (micro_ros_agent) StdoutLine: {'line': b'-- Installing: /home/deimos/deimosExNihilo_ws/build/micro_ros_agent/agent/src/xrceagent-build/temp_install/spdlog-1.9.2/include/spdlog/details/log_msg-inl.h\n'}
[29.791971] (micro_ros_agent) StdoutLine: {'line': b'-- Installing: /home/deimos/deimosExNihilo_ws/build/micro_ros_agent/agent/src/xrceagent-build/temp_install/spdlog-1.9.2/include/spdlog/details/tcp_client-windows.h\n'}
[29.792090] (micro_ros_agent) StdoutLine: {'line': b'-- Installing: /home/deimos/deimosExNihilo_ws/build/micro_ros_agent/agent/src/xrceagent-build/temp_install/spdlog-1.9.2/include/spdlog/details/synchronous_factory.h\n'}
[29.792297] (micro_ros_agent) StdoutLine: {'line': b'-- Installing: /home/deimos/deimosExNihilo_ws/build/micro_ros_agent/agent/src/xrceagent-build/temp_install/spdlog-1.9.2/include/spdlog/details/periodic_worker-inl.h\n'}
[29.792477] (micro_ros_agent) StdoutLine: {'line': b'-- Installing: /home/deimos/deimosExNihilo_ws/build/micro_ros_agent/agent/src/xrceagent-build/temp_install/spdlog-1.9.2/include/spdlog/details/log_msg_buffer-inl.h\n'}
[29.792634] (micro_ros_agent) StdoutLine: {'line': b'-- Installing: /home/deimos/deimosExNihilo_ws/build/micro_ros_agent/agent/src/xrceagent-build/temp_install/spdlog-1.9.2/include/spdlog/details/log_msg_buffer.h\n'}
[29.792755] (micro_ros_agent) StdoutLine: {'line': b'-- Installing: /home/deimos/deimosExNihilo_ws/build/micro_ros_agent/agent/src/xrceagent-build/temp_install/spdlog-1.9.2/include/spdlog/details/windows_include.h\n'}
[29.792879] (micro_ros_agent) StdoutLine: {'line': b'-- Installing: /home/deimos/deimosExNihilo_ws/build/micro_ros_agent/agent/src/xrceagent-build/temp_install/spdlog-1.9.2/include/spdlog/details/os-inl.h\n'}
[29.793002] (micro_ros_agent) StdoutLine: {'line': b'-- Installing: /home/deimos/deimosExNihilo_ws/build/micro_ros_agent/agent/src/xrceagent-build/temp_install/spdlog-1.9.2/include/spdlog/details/os.h\n'}
[29.793185] (micro_ros_agent) StdoutLine: {'line': b'-- Installing: /home/deimos/deimosExNihilo_ws/build/micro_ros_agent/agent/src/xrceagent-build/temp_install/spdlog-1.9.2/include/spdlog/details/circular_q.h\n'}
[29.793345] (micro_ros_agent) StdoutLine: {'line': b'-- Installing: /home/deimos/deimosExNihilo_ws/build/micro_ros_agent/agent/src/xrceagent-build/temp_install/spdlog-1.9.2/include/spdlog/details/mpmc_blocking_q.h\n'}
[29.793435] (micro_ros_agent) StdoutLine: {'line': b'-- Installing: /home/deimos/deimosExNihilo_ws/build/micro_ros_agent/agent/src/xrceagent-build/temp_install/spdlog-1.9.2/include/spdlog/details/log_msg.h\n'}
[29.793529] (micro_ros_agent) StdoutLine: {'line': b'-- Installing: /home/deimos/deimosExNihilo_ws/build/micro_ros_agent/agent/src/xrceagent-build/temp_install/spdlog-1.9.2/include/spdlog/details/console_globals.h\n'}
[29.793627] (micro_ros_agent) StdoutLine: {'line': b'-- Installing: /home/deimos/deimosExNihilo_ws/build/micro_ros_agent/agent/src/xrceagent-build/temp_install/spdlog-1.9.2/include/spdlog/details/thread_pool-inl.h\n'}
[29.793711] (micro_ros_agent) StdoutLine: {'line': b'-- Installing: /home/deimos/deimosExNihilo_ws/build/micro_ros_agent/agent/src/xrceagent-build/temp_install/spdlog-1.9.2/include/spdlog/details/file_helper.h\n'}
[29.793797] (micro_ros_agent) StdoutLine: {'line': b'-- Installing: /home/deimos/deimosExNihilo_ws/build/micro_ros_agent/agent/src/xrceagent-build/temp_install/spdlog-1.9.2/include/spdlog/details/backtracer-inl.h\n'}
[29.793885] (micro_ros_agent) StdoutLine: {'line': b'-- Installing: /home/deimos/deimosExNihilo_ws/build/micro_ros_agent/agent/src/xrceagent-build/temp_install/spdlog-1.9.2/include/spdlog/details/tcp_client.h\n'}
[29.793974] (micro_ros_agent) StdoutLine: {'line': b'-- Installing: /home/deimos/deimosExNihilo_ws/build/micro_ros_agent/agent/src/xrceagent-build/temp_install/spdlog-1.9.2/include/spdlog/details/registry.h\n'}
[29.794065] (micro_ros_agent) StdoutLine: {'line': b'-- Installing: /home/deimos/deimosExNihilo_ws/build/micro_ros_agent/agent/src/xrceagent-build/temp_install/spdlog-1.9.2/include/spdlog/logger-inl.h\n'}
[29.794217] (micro_ros_agent) StdoutLine: {'line': b'-- Installing: /home/deimos/deimosExNihilo_ws/build/micro_ros_agent/agent/src/xrceagent-build/temp_install/spdlog-1.9.2/include/spdlog/fwd.h\n'}
[29.794385] (micro_ros_agent) StdoutLine: {'line': b'-- Installing: /home/deimos/deimosExNihilo_ws/build/micro_ros_agent/agent/src/xrceagent-build/temp_install/spdlog-1.9.2/include/spdlog/pattern_formatter.h\n'}
[29.794484] (micro_ros_agent) StdoutLine: {'line': b'-- Installing: /home/deimos/deimosExNihilo_ws/build/micro_ros_agent/agent/src/xrceagent-build/temp_install/spdlog-1.9.2/include/spdlog/pattern_formatter-inl.h\n'}
[29.794583] (micro_ros_agent) StdoutLine: {'line': b'-- Installing: /home/deimos/deimosExNihilo_ws/build/micro_ros_agent/agent/src/xrceagent-build/temp_install/spdlog-1.9.2/include/spdlog/cfg\n'}
[29.794673] (micro_ros_agent) StdoutLine: {'line': b'-- Installing: /home/deimos/deimosExNihilo_ws/build/micro_ros_agent/agent/src/xrceagent-build/temp_install/spdlog-1.9.2/include/spdlog/cfg/env.h\n'}
[29.794760] (micro_ros_agent) StdoutLine: {'line': b'-- Installing: /home/deimos/deimosExNihilo_ws/build/micro_ros_agent/agent/src/xrceagent-build/temp_install/spdlog-1.9.2/include/spdlog/cfg/argv.h\n'}
[29.794846] (micro_ros_agent) StdoutLine: {'line': b'-- Installing: /home/deimos/deimosExNihilo_ws/build/micro_ros_agent/agent/src/xrceagent-build/temp_install/spdlog-1.9.2/include/spdlog/cfg/helpers-inl.h\n'}
[29.794934] (micro_ros_agent) StdoutLine: {'line': b'-- Installing: /home/deimos/deimosExNihilo_ws/build/micro_ros_agent/agent/src/xrceagent-build/temp_install/spdlog-1.9.2/include/spdlog/cfg/helpers.h\n'}
[29.795023] (micro_ros_agent) StdoutLine: {'line': b'-- Installing: /home/deimos/deimosExNihilo_ws/build/micro_ros_agent/agent/src/xrceagent-build/temp_install/spdlog-1.9.2/include/spdlog/stopwatch.h\n'}
[29.795110] (micro_ros_agent) StdoutLine: {'line': b'-- Installing: /home/deimos/deimosExNihilo_ws/build/micro_ros_agent/agent/src/xrceagent-build/temp_install/spdlog-1.9.2/include/spdlog/async_logger-inl.h\n'}
[29.795234] (micro_ros_agent) StdoutLine: {'line': b'-- Installing: /home/deimos/deimosExNihilo_ws/build/micro_ros_agent/agent/src/xrceagent-build/temp_install/spdlog-1.9.2/include/spdlog/fmt\n'}
[29.795324] (micro_ros_agent) StdoutLine: {'line': b'-- Installing: /home/deimos/deimosExNihilo_ws/build/micro_ros_agent/agent/src/xrceagent-build/temp_install/spdlog-1.9.2/include/spdlog/fmt/chrono.h\n'}
[29.795473] (micro_ros_agent) StdoutLine: {'line': b'-- Installing: /home/deimos/deimosExNihilo_ws/build/micro_ros_agent/agent/src/xrceagent-build/temp_install/spdlog-1.9.2/include/spdlog/fmt/compile.h\n'}
[29.795568] (micro_ros_agent) StdoutLine: {'line': b'-- Installing: /home/deimos/deimosExNihilo_ws/build/micro_ros_agent/agent/src/xrceagent-build/temp_install/spdlog-1.9.2/include/spdlog/fmt/xchar.h\n'}
[29.795664] (micro_ros_agent) StdoutLine: {'line': b'-- Installing: /home/deimos/deimosExNihilo_ws/build/micro_ros_agent/agent/src/xrceagent-build/temp_install/spdlog-1.9.2/include/spdlog/fmt/ostr.h\n'}
[29.795834] (micro_ros_agent) StdoutLine: {'line': b'-- Installing: /home/deimos/deimosExNihilo_ws/build/micro_ros_agent/agent/src/xrceagent-build/temp_install/spdlog-1.9.2/include/spdlog/fmt/fmt.h\n'}
[29.795922] (micro_ros_agent) StdoutLine: {'line': b'-- Installing: /home/deimos/deimosExNihilo_ws/build/micro_ros_agent/agent/src/xrceagent-build/temp_install/spdlog-1.9.2/include/spdlog/fmt/bin_to_hex.h\n'}
[29.796047] (micro_ros_agent) StdoutLine: {'line': b'-- Installing: /home/deimos/deimosExNihilo_ws/build/micro_ros_agent/agent/src/xrceagent-build/temp_install/spdlog-1.9.2/include/spdlog/spdlog.h\n'}
[29.796138] (micro_ros_agent) StdoutLine: {'line': b'-- Installing: /home/deimos/deimosExNihilo_ws/build/micro_ros_agent/agent/src/xrceagent-build/temp_install/spdlog-1.9.2/include/spdlog/sinks\n'}
[29.796227] (micro_ros_agent) StdoutLine: {'line': b'-- Installing: /home/deimos/deimosExNihilo_ws/build/micro_ros_agent/agent/src/xrceagent-build/temp_install/spdlog-1.9.2/include/spdlog/sinks/stdout_sinks.h\n'}
[29.796316] (micro_ros_agent) StdoutLine: {'line': b'-- Installing: /home/deimos/deimosExNihilo_ws/build/micro_ros_agent/agent/src/xrceagent-build/temp_install/spdlog-1.9.2/include/spdlog/sinks/stdout_color_sinks.h\n'}
[29.796400] (micro_ros_agent) StdoutLine: {'line': b'-- Installing: /home/deimos/deimosExNihilo_ws/build/micro_ros_agent/agent/src/xrceagent-build/temp_install/spdlog-1.9.2/include/spdlog/sinks/ostream_sink.h\n'}
[29.796488] (micro_ros_agent) StdoutLine: {'line': b'-- Installing: /home/deimos/deimosExNihilo_ws/build/micro_ros_agent/agent/src/xrceagent-build/temp_install/spdlog-1.9.2/include/spdlog/sinks/android_sink.h\n'}
[29.796582] (micro_ros_agent) StdoutLine: {'line': b'-- Installing: /home/deimos/deimosExNihilo_ws/build/micro_ros_agent/agent/src/xrceagent-build/temp_install/spdlog-1.9.2/include/spdlog/sinks/tcp_sink.h\n'}
[29.796695] (micro_ros_agent) StdoutLine: {'line': b'-- Installing: /home/deimos/deimosExNihilo_ws/build/micro_ros_agent/agent/src/xrceagent-build/temp_install/spdlog-1.9.2/include/spdlog/sinks/msvc_sink.h\n'}
[29.796784] (micro_ros_agent) StdoutLine: {'line': b'-- Installing: /home/deimos/deimosExNihilo_ws/build/micro_ros_agent/agent/src/xrceagent-build/temp_install/spdlog-1.9.2/include/spdlog/sinks/daily_file_sink.h\n'}
[29.796872] (micro_ros_agent) StdoutLine: {'line': b'-- Installing: /home/deimos/deimosExNihilo_ws/build/micro_ros_agent/agent/src/xrceagent-build/temp_install/spdlog-1.9.2/include/spdlog/sinks/ansicolor_sink.h\n'}
[29.796961] (micro_ros_agent) StdoutLine: {'line': b'-- Installing: /home/deimos/deimosExNihilo_ws/build/micro_ros_agent/agent/src/xrceagent-build/temp_install/spdlog-1.9.2/include/spdlog/sinks/win_eventlog_sink.h\n'}
[29.797049] (micro_ros_agent) StdoutLine: {'line': b'-- Installing: /home/deimos/deimosExNihilo_ws/build/micro_ros_agent/agent/src/xrceagent-build/temp_install/spdlog-1.9.2/include/spdlog/sinks/stdout_color_sinks-inl.h\n'}
[29.797188] (micro_ros_agent) StdoutLine: {'line': b'-- Installing: /home/deimos/deimosExNihilo_ws/build/micro_ros_agent/agent/src/xrceagent-build/temp_install/spdlog-1.9.2/include/spdlog/sinks/rotating_file_sink.h\n'}
[29.797275] (micro_ros_agent) StdoutLine: {'line': b'-- Installing: /home/deimos/deimosExNihilo_ws/build/micro_ros_agent/agent/src/xrceagent-build/temp_install/spdlog-1.9.2/include/spdlog/sinks/syslog_sink.h\n'}
[29.797364] (micro_ros_agent) StdoutLine: {'line': b'-- Installing: /home/deimos/deimosExNihilo_ws/build/micro_ros_agent/agent/src/xrceagent-build/temp_install/spdlog-1.9.2/include/spdlog/sinks/wincolor_sink-inl.h\n'}
[29.797452] (micro_ros_agent) StdoutLine: {'line': b'-- Installing: /home/deimos/deimosExNihilo_ws/build/micro_ros_agent/agent/src/xrceagent-build/temp_install/spdlog-1.9.2/include/spdlog/sinks/mongo_sink.h\n'}
[29.797539] (micro_ros_agent) StdoutLine: {'line': b'-- Installing: /home/deimos/deimosExNihilo_ws/build/micro_ros_agent/agent/src/xrceagent-build/temp_install/spdlog-1.9.2/include/spdlog/sinks/stdout_sinks-inl.h\n'}
[29.797646] (micro_ros_agent) StdoutLine: {'line': b'-- Installing: /home/deimos/deimosExNihilo_ws/build/micro_ros_agent/agent/src/xrceagent-build/temp_install/spdlog-1.9.2/include/spdlog/sinks/ringbuffer_sink.h\n'}
[29.797732] (micro_ros_agent) StdoutLine: {'line': b'-- Installing: /home/deimos/deimosExNihilo_ws/build/micro_ros_agent/agent/src/xrceagent-build/temp_install/spdlog-1.9.2/include/spdlog/sinks/rotating_file_sink-inl.h\n'}
[29.797877] (micro_ros_agent) StdoutLine: {'line': b'-- Installing: /home/deimos/deimosExNihilo_ws/build/micro_ros_agent/agent/src/xrceagent-build/temp_install/spdlog-1.9.2/include/spdlog/sinks/dup_filter_sink.h\n'}
[29.797974] (micro_ros_agent) StdoutLine: {'line': b'-- Installing: /home/deimos/deimosExNihilo_ws/build/micro_ros_agent/agent/src/xrceagent-build/temp_install/spdlog-1.9.2/include/spdlog/sinks/wincolor_sink.h\n'}
[29.798061] (micro_ros_agent) StdoutLine: {'line': b'-- Installing: /home/deimos/deimosExNihilo_ws/build/micro_ros_agent/agent/src/xrceagent-build/temp_install/spdlog-1.9.2/include/spdlog/sinks/ansicolor_sink-inl.h\n'}
[29.798145] (micro_ros_agent) StdoutLine: {'line': b'-- Installing: /home/deimos/deimosExNihilo_ws/build/micro_ros_agent/agent/src/xrceagent-build/temp_install/spdlog-1.9.2/include/spdlog/sinks/sink-inl.h\n'}
[29.798277] (micro_ros_agent) StdoutLine: {'line': b'-- Installing: /home/deimos/deimosExNihilo_ws/build/micro_ros_agent/agent/src/xrceagent-build/temp_install/spdlog-1.9.2/include/spdlog/sinks/hourly_file_sink.h\n'}
[29.798436] (micro_ros_agent) StdoutLine: {'line': b'-- Installing: /home/deimos/deimosExNihilo_ws/build/micro_ros_agent/agent/src/xrceagent-build/temp_install/spdlog-1.9.2/include/spdlog/sinks/dist_sink.h\n'}
[29.798538] (micro_ros_agent) StdoutLine: {'line': b'-- Installing: /home/deimos/deimosExNihilo_ws/build/micro_ros_agent/agent/src/xrceagent-build/temp_install/spdlog-1.9.2/include/spdlog/sinks/basic_file_sink-inl.h\n'}
[29.798646] (micro_ros_agent) StdoutLine: {'line': b'-- Installing: /home/deimos/deimosExNihilo_ws/build/micro_ros_agent/agent/src/xrceagent-build/temp_install/spdlog-1.9.2/include/spdlog/sinks/sink.h\n'}
[29.798811] (micro_ros_agent) StdoutLine: {'line': b'-- Installing: /home/deimos/deimosExNihilo_ws/build/micro_ros_agent/agent/src/xrceagent-build/temp_install/spdlog-1.9.2/include/spdlog/sinks/base_sink-inl.h\n'}
[29.798926] (micro_ros_agent) StdoutLine: {'line': b'-- Installing: /home/deimos/deimosExNihilo_ws/build/micro_ros_agent/agent/src/xrceagent-build/temp_install/spdlog-1.9.2/include/spdlog/sinks/base_sink.h\n'}
[29.799029] (micro_ros_agent) StdoutLine: {'line': b'-- Installing: /home/deimos/deimosExNihilo_ws/build/micro_ros_agent/agent/src/xrceagent-build/temp_install/spdlog-1.9.2/include/spdlog/sinks/null_sink.h\n'}
[29.799131] (micro_ros_agent) StdoutLine: {'line': b'-- Installing: /home/deimos/deimosExNihilo_ws/build/micro_ros_agent/agent/src/xrceagent-build/temp_install/spdlog-1.9.2/include/spdlog/sinks/qt_sinks.h\n'}
[29.799226] (micro_ros_agent) StdoutLine: {'line': b'-- Installing: /home/deimos/deimosExNihilo_ws/build/micro_ros_agent/agent/src/xrceagent-build/temp_install/spdlog-1.9.2/include/spdlog/sinks/basic_file_sink.h\n'}
[29.799368] (micro_ros_agent) StdoutLine: {'line': b'-- Installing: /home/deimos/deimosExNihilo_ws/build/micro_ros_agent/agent/src/xrceagent-build/temp_install/spdlog-1.9.2/include/spdlog/sinks/systemd_sink.h\n'}
[29.799458] (micro_ros_agent) StdoutLine: {'line': b'-- Installing: /home/deimos/deimosExNihilo_ws/build/micro_ros_agent/agent/src/xrceagent-build/temp_install/spdlog-1.9.2/include/spdlog/tweakme.h\n'}
[29.799557] (micro_ros_agent) StdoutLine: {'line': b'-- Installing: /home/deimos/deimosExNihilo_ws/build/micro_ros_agent/agent/src/xrceagent-build/temp_install/spdlog-1.9.2/lib/libspdlog.a\n'}
[29.800842] (micro_ros_agent) StdoutLine: {'line': b'-- Installing: /home/deimos/deimosExNihilo_ws/build/micro_ros_agent/agent/src/xrceagent-build/temp_install/spdlog-1.9.2/include/spdlog/fmt/bundled/\n'}
[29.800997] (micro_ros_agent) StdoutLine: {'line': b'-- Installing: /home/deimos/deimosExNihilo_ws/build/micro_ros_agent/agent/src/xrceagent-build/temp_install/spdlog-1.9.2/include/spdlog/fmt/bundled//format.h\n'}
[29.801165] (micro_ros_agent) StdoutLine: {'line': b'-- Installing: /home/deimos/deimosExNihilo_ws/build/micro_ros_agent/agent/src/xrceagent-build/temp_install/spdlog-1.9.2/include/spdlog/fmt/bundled//color.h\n'}
[29.801299] (micro_ros_agent) StdoutLine: {'line': b'-- Installing: /home/deimos/deimosExNihilo_ws/build/micro_ros_agent/agent/src/xrceagent-build/temp_install/spdlog-1.9.2/include/spdlog/fmt/bundled//chrono.h\n'}
[29.801449] (micro_ros_agent) StdoutLine: {'line': b'-- Installing: /home/deimos/deimosExNihilo_ws/build/micro_ros_agent/agent/src/xrceagent-build/temp_install/spdlog-1.9.2/include/spdlog/fmt/bundled//core.h\n'}
[29.801770] (micro_ros_agent) StdoutLine: {'line': b'-- Installing: /home/deimos/deimosExNihilo_ws/build/micro_ros_agent/agent/src/xrceagent-build/temp_install/spdlog-1.9.2/include/spdlog/fmt/bundled//format-inl.h\n'}
[29.802209] (micro_ros_agent) StdoutLine: {'line': b'-- Installing: /home/deimos/deimosExNihilo_ws/build/micro_ros_agent/agent/src/xrceagent-build/temp_install/spdlog-1.9.2/include/spdlog/fmt/bundled//compile.h\n'}
[29.802476] (micro_ros_agent) StdoutLine: {'line': b'-- Installing: /home/deimos/deimosExNihilo_ws/build/micro_ros_agent/agent/src/xrceagent-build/temp_install/spdlog-1.9.2/include/spdlog/fmt/bundled//xchar.h\n'}
[29.802760] (micro_ros_agent) StdoutLine: {'line': b'-- Installing: /home/deimos/deimosExNihilo_ws/build/micro_ros_agent/agent/src/xrceagent-build/temp_install/spdlog-1.9.2/include/spdlog/fmt/bundled//args.h\n'}
[29.803015] (micro_ros_agent) StdoutLine: {'line': b'-- Installing: /home/deimos/deimosExNihilo_ws/build/micro_ros_agent/agent/src/xrceagent-build/temp_install/spdlog-1.9.2/include/spdlog/fmt/bundled//os.h\n'}
[29.803229] (micro_ros_agent) StdoutLine: {'line': b'-- Installing: /home/deimos/deimosExNihilo_ws/build/micro_ros_agent/agent/src/xrceagent-build/temp_install/spdlog-1.9.2/include/spdlog/fmt/bundled//ranges.h\n'}
[29.803410] (micro_ros_agent) StdoutLine: {'line': b'-- Installing: /home/deimos/deimosExNihilo_ws/build/micro_ros_agent/agent/src/xrceagent-build/temp_install/spdlog-1.9.2/include/spdlog/fmt/bundled//printf.h\n'}
[29.803656] (micro_ros_agent) StdoutLine: {'line': b'-- Installing: /home/deimos/deimosExNihilo_ws/build/micro_ros_agent/agent/src/xrceagent-build/temp_install/spdlog-1.9.2/include/spdlog/fmt/bundled//ostream.h\n'}
[29.803887] (micro_ros_agent) StdoutLine: {'line': b'-- Installing: /home/deimos/deimosExNihilo_ws/build/micro_ros_agent/agent/src/xrceagent-build/temp_install/spdlog-1.9.2/include/spdlog/fmt/bundled//locale.h\n'}
[29.804059] (micro_ros_agent) StdoutLine: {'line': b'-- Installing: /home/deimos/deimosExNihilo_ws/build/micro_ros_agent/agent/src/xrceagent-build/temp_install/spdlog-1.9.2/lib/pkgconfig/spdlog.pc\n'}
[29.804224] (micro_ros_agent) StdoutLine: {'line': b'-- Installing: /home/deimos/deimosExNihilo_ws/build/micro_ros_agent/agent/src/xrceagent-build/temp_install/spdlog-1.9.2/lib/cmake/spdlog/spdlogConfigTargets.cmake\n'}
[29.804402] (micro_ros_agent) StdoutLine: {'line': b'-- Installing: /home/deimos/deimosExNihilo_ws/build/micro_ros_agent/agent/src/xrceagent-build/temp_install/spdlog-1.9.2/lib/cmake/spdlog/spdlogConfigTargets-release.cmake\n'}
[29.804566] (micro_ros_agent) StdoutLine: {'line': b'-- Installing: /home/deimos/deimosExNihilo_ws/build/micro_ros_agent/agent/src/xrceagent-build/temp_install/spdlog-1.9.2/lib/cmake/spdlog/spdlogConfig.cmake\n'}
[29.804748] (micro_ros_agent) StdoutLine: {'line': b'-- Installing: /home/deimos/deimosExNihilo_ws/build/micro_ros_agent/agent/src/xrceagent-build/temp_install/spdlog-1.9.2/lib/cmake/spdlog/spdlogConfigVersion.cmake\n'}
[29.814879] (-) TimerEvent: {}
[29.836184] (micro_ros_agent) StdoutLine: {'line': b"[ 50%] \x1b[34m\x1b[1mCompleted 'spdlog'\x1b[0m\n"}
[29.887443] (micro_ros_agent) StdoutLine: {'line': b'[ 50%] Built target spdlog\n'}
[29.911950] (micro_ros_agent) StdoutLine: {'line': b"[ 56%] \x1b[34m\x1b[1mCreating directories for 'uagent'\x1b[0m\n"}
[29.915068] (-) TimerEvent: {}
[29.945596] (micro_ros_agent) StdoutLine: {'line': b"[ 62%] \x1b[34m\x1b[1mNo download step for 'uagent'\x1b[0m\n"}
[29.982349] (micro_ros_agent) StdoutLine: {'line': b"[ 68%] \x1b[34m\x1b[1mNo update step for 'uagent'\x1b[0m\n"}
[30.015361] (-) TimerEvent: {}
[30.016680] (micro_ros_agent) StdoutLine: {'line': b"[ 75%] \x1b[34m\x1b[1mNo patch step for 'uagent'\x1b[0m\n"}
[30.049308] (micro_ros_agent) StdoutLine: {'line': b"[ 81%] \x1b[34m\x1b[1mPerforming configure step for 'uagent'\x1b[0m\n"}
[30.061410] (micro_ros_agent) StdoutLine: {'line': b'loading initial cache file /home/deimos/deimosExNihilo_ws/build/micro_ros_agent/agent/src/xrceagent-build/uagent-prefix/tmp/uagent-cache-.cmake\n'}
[30.070269] (micro_ros_agent) StdoutLine: {'line': b"-- Setting build type to 'Release' as none was specified.\n"}
[30.081618] (micro_ros_agent) StdoutLine: {'line': b'-- Found TinyXML2: /usr/lib/x86_64-linux-gnu/cmake/tinyxml2\n'}
[30.115516] (-) TimerEvent: {}
[30.152960] (micro_ros_agent) StdoutLine: {'line': b'-- Found OpenSSL: /usr/lib/x86_64-linux-gnu/libcrypto.so (found version "3.0.13")  \n'}
[30.156434] (micro_ros_agent) StdoutLine: {'line': b'-- Performing Test CMAKE_HAVE_LIBC_PTHREAD\n'}
[30.215783] (-) TimerEvent: {}
[30.274360] (micro_ros_agent) StdoutLine: {'line': b'-- Performing Test CMAKE_HAVE_LIBC_PTHREAD - Success\n'}
[30.275931] (micro_ros_agent) StdoutLine: {'line': b'-- Found Threads: TRUE  \n'}
[30.282272] (micro_ros_agent) StdoutLine: {'line': b'-- Configuring done (0.2s)\n'}
[30.295516] (micro_ros_agent) StdoutLine: {'line': b'-- Generating done (0.0s)\n'}
[30.296213] (micro_ros_agent) StdoutLine: {'line': b'-- Build files have been written to: /home/deimos/deimosExNihilo_ws/build/micro_ros_agent/agent/src/xrceagent-build\n'}
[30.315905] (-) TimerEvent: {}
[30.321507] (micro_ros_agent) StdoutLine: {'line': b"[ 87%] \x1b[34m\x1b[1mPerforming build step for 'uagent'\x1b[0m\n"}
[30.384261] (micro_ros_agent) StdoutLine: {'line': b'[  4%] \x1b[32mBuilding CXX object CMakeFiles/microxrcedds_agent.dir/src/cpp/Agent.cpp.o\x1b[0m\n'}
[30.386648] (micro_ros_agent) StdoutLine: {'line': b'[  7%] \x1b[32mBuilding CXX object CMakeFiles/microxrcedds_agent.dir/src/cpp/client/ProxyClient.cpp.o\x1b[0m\n'}
[30.387019] (micro_ros_agent) StdoutLine: {'line': b'[  4%] \x1b[32mBuilding CXX object CMakeFiles/microxrcedds_agent.dir/src/cpp/AgentInstance.cpp.o\x1b[0m\n'}
[30.387300] (micro_ros_agent) StdoutLine: {'line': b'[  9%] \x1b[32mBuilding CXX object CMakeFiles/microxrcedds_agent.dir/src/cpp/Root.cpp.o\x1b[0m\n'}
[30.390686] (micro_ros_agent) StdoutLine: {'line': b'[ 14%] \x1b[32mBuilding CXX object CMakeFiles/microxrcedds_agent.dir/src/cpp/topic/Topic.cpp.o\x1b[0m\n'}
[30.391152] (micro_ros_agent) StdoutLine: {'line': b'[ 14%] \x1b[32mBuilding CXX object CMakeFiles/microxrcedds_agent.dir/src/cpp/processor/Processor.cpp.o\x1b[0m\n'}
[30.391431] (micro_ros_agent) StdoutLine: {'line': b'[ 16%] \x1b[32mBuilding CXX object CMakeFiles/microxrcedds_agent.dir/src/cpp/publisher/Publisher.cpp.o\x1b[0m\n'}
[30.391976] (micro_ros_agent) StdoutLine: {'line': b'[ 21%] \x1b[32mBuilding CXX object CMakeFiles/microxrcedds_agent.dir/src/cpp/subscriber/Subscriber.cpp.o\x1b[0m\n'}
[30.392461] (micro_ros_agent) StdoutLine: {'line': b'[ 21%] \x1b[32mBuilding CXX object CMakeFiles/microxrcedds_agent.dir/src/cpp/participant/Participant.cpp.o\x1b[0m\n'}
[30.392789] (micro_ros_agent) StdoutLine: {'line': b'[ 23%] \x1b[32mBuilding CXX object CMakeFiles/microxrcedds_agent.dir/src/cpp/datawriter/DataWriter.cpp.o\x1b[0m\n'}
[30.393206] (micro_ros_agent) StdoutLine: {'line': b'[ 26%] \x1b[32mBuilding CXX object CMakeFiles/microxrcedds_agent.dir/src/cpp/datareader/DataReader.cpp.o\x1b[0m\n'}
[30.393451] (micro_ros_agent) StdoutLine: {'line': b'[ 28%] \x1b[32mBuilding CXX object CMakeFiles/microxrcedds_agent.dir/src/cpp/requester/Requester.cpp.o\x1b[0m\n'}
[30.418692] (-) TimerEvent: {}
[30.519197] (-) TimerEvent: {}
[30.619613] (-) TimerEvent: {}
[30.720045] (-) TimerEvent: {}
[30.820489] (-) TimerEvent: {}
[30.920965] (-) TimerEvent: {}
[31.021427] (-) TimerEvent: {}
[31.122684] (-) TimerEvent: {}
[31.223134] (-) TimerEvent: {}
[31.323590] (-) TimerEvent: {}
[31.424665] (-) TimerEvent: {}
[31.525672] (-) TimerEvent: {}
[31.626665] (-) TimerEvent: {}
[31.727672] (-) TimerEvent: {}
[31.828674] (-) TimerEvent: {}
[31.929669] (-) TimerEvent: {}
[32.030116] (-) TimerEvent: {}
[32.132498] (-) TimerEvent: {}
[32.232985] (-) TimerEvent: {}
[32.333645] (-) TimerEvent: {}
[32.368100] (micro_ros_agent) StdoutLine: {'line': b'[ 30%] \x1b[32mBuilding CXX object CMakeFiles/microxrcedds_agent.dir/src/cpp/replier/Replier.cpp.o\x1b[0m\n'}
[32.381738] (micro_ros_agent) StdoutLine: {'line': b'[ 33%] \x1b[32mBuilding CXX object CMakeFiles/microxrcedds_agent.dir/src/cpp/object/XRCEObject.cpp.o\x1b[0m\n'}
[32.434664] (-) TimerEvent: {}
[32.501389] (micro_ros_agent) StdoutLine: {'line': b'[ 35%] \x1b[32mBuilding CXX object CMakeFiles/microxrcedds_agent.dir/src/cpp/types/XRCETypes.cpp.o\x1b[0m\n'}
[32.535663] (-) TimerEvent: {}
[32.636099] (-) TimerEvent: {}
[32.673673] (micro_ros_agent) StdoutLine: {'line': b'[ 38%] \x1b[32mBuilding CXX object CMakeFiles/microxrcedds_agent.dir/src/cpp/types/MessageHeader.cpp.o\x1b[0m\n'}
[32.736252] (-) TimerEvent: {}
[32.840059] (-) TimerEvent: {}
[32.940498] (-) TimerEvent: {}
[33.041678] (-) TimerEvent: {}
[33.142118] (-) TimerEvent: {}
[33.244035] (-) TimerEvent: {}
[33.344804] (-) TimerEvent: {}
[33.445662] (-) TimerEvent: {}
[33.448907] (micro_ros_agent) StdoutLine: {'line': b'[ 40%] \x1b[32mBuilding CXX object CMakeFiles/microxrcedds_agent.dir/src/cpp/types/SubMessageHeader.cpp.o\x1b[0m\n'}
[33.546678] (-) TimerEvent: {}
[33.648682] (-) TimerEvent: {}
[33.749116] (-) TimerEvent: {}
[33.849566] (-) TimerEvent: {}
[33.852675] (micro_ros_agent) StdoutLine: {'line': b'[ 42%] \x1b[32mBuilding CXX object CMakeFiles/microxrcedds_agent.dir/src/cpp/message/InputMessage.cpp.o\x1b[0m\n'}
[33.949680] (-) TimerEvent: {}
[34.050693] (-) TimerEvent: {}
[34.151667] (-) TimerEvent: {}
[34.252683] (-) TimerEvent: {}
[34.353122] (-) TimerEvent: {}
[34.453666] (-) TimerEvent: {}
[34.555999] (-) TimerEvent: {}
[34.603488] (micro_ros_agent) StdoutLine: {'line': b'[ 45%] \x1b[32mBuilding CXX object CMakeFiles/microxrcedds_agent.dir/src/cpp/message/OutputMessage.cpp.o\x1b[0m\n'}
[34.656146] (-) TimerEvent: {}
[34.757811] (-) TimerEvent: {}
[34.858262] (-) TimerEvent: {}
[34.960030] (-) TimerEvent: {}
[35.060806] (-) TimerEvent: {}
[35.163036] (-) TimerEvent: {}
[35.265878] (-) TimerEvent: {}
[35.366496] (-) TimerEvent: {}
[35.467676] (-) TimerEvent: {}
[35.568109] (-) TimerEvent: {}
[35.668667] (-) TimerEvent: {}
[35.772010] (-) TimerEvent: {}
[35.872452] (-) TimerEvent: {}
[35.972910] (-) TimerEvent: {}
[36.073348] (-) TimerEvent: {}
[36.174667] (-) TimerEvent: {}
[36.275668] (-) TimerEvent: {}
[36.376669] (-) TimerEvent: {}
[36.477665] (-) TimerEvent: {}
[36.578663] (-) TimerEvent: {}
[36.679070] (-) TimerEvent: {}
[36.783030] (-) TimerEvent: {}
[36.883679] (-) TimerEvent: {}
[36.984124] (-) TimerEvent: {}
[37.084737] (-) TimerEvent: {}
[37.089674] (micro_ros_agent) StdoutLine: {'line': b'[ 47%] \x1b[32mBuilding CXX object CMakeFiles/microxrcedds_agent.dir/src/cpp/utils/ArgumentParser.cpp.o\x1b[0m\n'}
[37.186666] (-) TimerEvent: {}
[37.287104] (-) TimerEvent: {}
[37.387516] (-) TimerEvent: {}
[37.393637] (micro_ros_agent) StdoutLine: {'line': b'[ 50%] \x1b[32mBuilding CXX object CMakeFiles/microxrcedds_agent.dir/src/cpp/transport/Server.cpp.o\x1b[0m\n'}
[37.443442] (micro_ros_agent) StdoutLine: {'line': b'[ 52%] \x1b[32mBuilding CXX object CMakeFiles/microxrcedds_agent.dir/src/cpp/transport/stream_framing/StreamFramingProtocol.cpp.o\x1b[0m\n'}
[37.487659] (-) TimerEvent: {}
[37.588670] (-) TimerEvent: {}
[37.687604] (micro_ros_agent) StdoutLine: {'line': b'[ 54%] \x1b[32mBuilding CXX object CMakeFiles/microxrcedds_agent.dir/src/cpp/transport/custom/CustomAgent.cpp.o\x1b[0m\n'}
[37.689656] (-) TimerEvent: {}
[37.790062] (-) TimerEvent: {}
[37.838649] (micro_ros_agent) StdoutLine: {'line': b'[ 57%] \x1b[32mBuilding CXX object CMakeFiles/microxrcedds_agent.dir/src/cpp/transport/udp/UDPv4AgentLinux.cpp.o\x1b[0m\n'}
[37.890667] (-) TimerEvent: {}
[37.991072] (-) TimerEvent: {}
[38.091486] (-) TimerEvent: {}
[38.194994] (-) TimerEvent: {}
[38.295399] (-) TimerEvent: {}
[38.395843] (-) TimerEvent: {}
[38.496669] (-) TimerEvent: {}
[38.597670] (-) TimerEvent: {}
[38.698254] (-) TimerEvent: {}
[38.801997] (-) TimerEvent: {}
[38.902422] (-) TimerEvent: {}
[39.002882] (-) TimerEvent: {}
[39.018677] (micro_ros_agent) StdoutLine: {'line': b'[ 59%] \x1b[32mBuilding CXX object CMakeFiles/microxrcedds_agent.dir/src/cpp/transport/udp/UDPv6AgentLinux.cpp.o\x1b[0m\n'}
[39.103012] (-) TimerEvent: {}
[39.203684] (-) TimerEvent: {}
[39.304666] (-) TimerEvent: {}
[39.405666] (-) TimerEvent: {}
[39.506685] (-) TimerEvent: {}
[39.607125] (-) TimerEvent: {}
[39.707671] (-) TimerEvent: {}
[39.809476] (-) TimerEvent: {}
[39.884746] (micro_ros_agent) StdoutLine: {'line': b'[ 61%] \x1b[32mBuilding CXX object CMakeFiles/microxrcedds_agent.dir/src/cpp/transport/tcp/TCPv4AgentLinux.cpp.o\x1b[0m\n'}
[39.909665] (-) TimerEvent: {}
[40.012001] (-) TimerEvent: {}
[40.038292] (micro_ros_agent) StdoutLine: {'line': b'[ 64%] \x1b[32mBuilding CXX object CMakeFiles/microxrcedds_agent.dir/src/cpp/transport/tcp/TCPv6AgentLinux.cpp.o\x1b[0m\n'}
[40.112139] (-) TimerEvent: {}
[40.129647] (micro_ros_agent) StdoutLine: {'line': b'[ 66%] \x1b[32mBuilding CXX object CMakeFiles/microxrcedds_agent.dir/src/cpp/transport/serial/SerialAgentLinux.cpp.o\x1b[0m\n'}
[40.212691] (-) TimerEvent: {}
[40.313129] (-) TimerEvent: {}
[40.327957] (micro_ros_agent) StdoutLine: {'line': b'[ 69%] \x1b[32mBuilding CXX object CMakeFiles/microxrcedds_agent.dir/src/cpp/transport/serial/TermiosAgentLinux.cpp.o\x1b[0m\n'}
[40.413258] (-) TimerEvent: {}
[40.514868] (-) TimerEvent: {}
[40.617673] (-) TimerEvent: {}
[40.721892] (-) TimerEvent: {}
[40.822349] (-) TimerEvent: {}
[40.922828] (-) TimerEvent: {}
[41.023668] (-) TimerEvent: {}
[41.127686] (-) TimerEvent: {}
[41.228116] (-) TimerEvent: {}
[41.328538] (-) TimerEvent: {}
[41.428965] (-) TimerEvent: {}
[41.529373] (-) TimerEvent: {}
[41.630674] (-) TimerEvent: {}
[41.731093] (-) TimerEvent: {}
[41.834901] (-) TimerEvent: {}
[41.865849] (micro_ros_agent) StdoutLine: {'line': b'[ 71%] \x1b[32mBuilding CXX object CMakeFiles/microxrcedds_agent.dir/src/cpp/transport/serial/MultiSerialAgentLinux.cpp.o\x1b[0m\n'}
[41.935046] (-) TimerEvent: {}
[42.035648] (-) TimerEvent: {}
[42.136220] (-) TimerEvent: {}
[42.237664] (-) TimerEvent: {}
[42.338676] (-) TimerEvent: {}
[42.439356] (-) TimerEvent: {}
[42.540855] (-) TimerEvent: {}
[42.641499] (-) TimerEvent: {}
[42.744032] (-) TimerEvent: {}
[42.844482] (-) TimerEvent: {}
[42.944915] (-) TimerEvent: {}
[43.045489] (-) TimerEvent: {}
[43.149004] (-) TimerEvent: {}
[43.249430] (-) TimerEvent: {}
[43.265798] (micro_ros_agent) StdoutLine: {'line': b'[ 73%] \x1b[32mBuilding CXX object CMakeFiles/microxrcedds_agent.dir/src/cpp/transport/serial/MultiTermiosAgentLinux.cpp.o\x1b[0m\n'}
[43.349601] (-) TimerEvent: {}
[43.451883] (-) TimerEvent: {}
[43.552327] (-) TimerEvent: {}
[43.655672] (-) TimerEvent: {}
[43.756117] (-) TimerEvent: {}
[43.856735] (-) TimerEvent: {}
[43.957353] (-) TimerEvent: {}
[44.057939] (-) TimerEvent: {}
[44.160031] (-) TimerEvent: {}
[44.260462] (-) TimerEvent: {}
[44.361044] (-) TimerEvent: {}
[44.462984] (-) TimerEvent: {}
[44.563438] (-) TimerEvent: {}
[44.664078] (-) TimerEvent: {}
[44.735644] (micro_ros_agent) StdoutLine: {'line': b'[ 76%] \x1b[32mBuilding CXX object CMakeFiles/microxrcedds_agent.dir/src/cpp/transport/serial/PseudoTerminalAgentLinux.cpp.o\x1b[0m\n'}
[44.764660] (-) TimerEvent: {}
[44.865664] (-) TimerEvent: {}
[44.936750] (micro_ros_agent) StdoutLine: {'line': b'[ 78%] \x1b[32mBuilding CXX object CMakeFiles/microxrcedds_agent.dir/src/cpp/transport/can/CanAgentLinux.cpp.o\x1b[0m\n'}
[44.959660] (micro_ros_agent) StdoutLine: {'line': b'[ 80%] \x1b[32mBuilding CXX object CMakeFiles/microxrcedds_agent.dir/src/cpp/transport/discovery/DiscoveryServerLinux.cpp.o\x1b[0m\n'}
[44.966669] (-) TimerEvent: {}
[45.067069] (-) TimerEvent: {}
[45.167671] (-) TimerEvent: {}
[45.268669] (-) TimerEvent: {}
[45.369316] (-) TimerEvent: {}
[45.473046] (-) TimerEvent: {}
[45.573505] (-) TimerEvent: {}
[45.673963] (-) TimerEvent: {}
[45.774551] (-) TimerEvent: {}
[45.877005] (-) TimerEvent: {}
[45.977413] (-) TimerEvent: {}
[46.019801] (micro_ros_agent) StdoutLine: {'line': b'[ 83%] \x1b[32mBuilding CXX object CMakeFiles/microxrcedds_agent.dir/src/cpp/transport/discovery/DiscoveryServer.cpp.o\x1b[0m\n'}
[46.039791] (micro_ros_agent) StdoutLine: {'line': b'[ 85%] \x1b[32mBuilding CXX object CMakeFiles/microxrcedds_agent.dir/src/cpp/types/TopicPubSubType.cpp.o\x1b[0m\n'}
[46.077553] (-) TimerEvent: {}
[46.177987] (-) TimerEvent: {}
[46.278671] (-) TimerEvent: {}
[46.380529] (-) TimerEvent: {}
[46.484007] (-) TimerEvent: {}
[46.584412] (-) TimerEvent: {}
[46.684850] (-) TimerEvent: {}
[46.735763] (micro_ros_agent) StdoutLine: {'line': b'[ 88%] \x1b[32mBuilding CXX object CMakeFiles/microxrcedds_agent.dir/src/cpp/xmlobjects/xmlobjects.cpp.o\x1b[0m\n'}
[46.785692] (-) TimerEvent: {}
[46.886111] (-) TimerEvent: {}
[46.989989] (-) TimerEvent: {}
[47.090400] (-) TimerEvent: {}
[47.190829] (-) TimerEvent: {}
[47.291479] (-) TimerEvent: {}
[47.345955] (micro_ros_agent) StdoutLine: {'line': b'[ 90%] \x1b[32mBuilding CXX object CMakeFiles/microxrcedds_agent.dir/src/cpp/middleware/fast/FastEntities.cpp.o\x1b[0m\n'}
[47.391646] (-) TimerEvent: {}
[47.492074] (-) TimerEvent: {}
[47.592671] (-) TimerEvent: {}
[47.693826] (-) TimerEvent: {}
[47.794667] (-) TimerEvent: {}
[47.896823] (-) TimerEvent: {}
[47.997250] (-) TimerEvent: {}
[48.097673] (-) TimerEvent: {}
[48.136537] (micro_ros_agent) StdoutLine: {'line': b'[ 92%] \x1b[32mBuilding CXX object CMakeFiles/microxrcedds_agent.dir/src/cpp/middleware/fast/FastMiddleware.cpp.o\x1b[0m\n'}
[48.197814] (-) TimerEvent: {}
[48.298245] (-) TimerEvent: {}
[48.336677] (micro_ros_agent) StdoutLine: {'line': b'[ 95%] \x1b[32mBuilding CXX object CMakeFiles/microxrcedds_agent.dir/src/cpp/middleware/fastdds/FastDDSEntities.cpp.o\x1b[0m\n'}
[48.395162] (micro_ros_agent) StdoutLine: {'line': b'[ 97%] \x1b[32mBuilding CXX object CMakeFiles/microxrcedds_agent.dir/src/cpp/middleware/fastdds/FastDDSMiddleware.cpp.o\x1b[0m\n'}
[48.398375] (-) TimerEvent: {}
[48.498818] (-) TimerEvent: {}
[48.599263] (-) TimerEvent: {}
[48.700872] (-) TimerEvent: {}
[48.801325] (-) TimerEvent: {}
[48.901814] (-) TimerEvent: {}
[49.005898] (-) TimerEvent: {}
[49.106307] (-) TimerEvent: {}
[49.206742] (-) TimerEvent: {}
[49.307155] (-) TimerEvent: {}
[49.407606] (-) TimerEvent: {}
[49.508048] (-) TimerEvent: {}
[49.608471] (-) TimerEvent: {}
[49.708905] (-) TimerEvent: {}
[49.809324] (-) TimerEvent: {}
[49.909787] (-) TimerEvent: {}
[50.010237] (-) TimerEvent: {}
[50.110682] (-) TimerEvent: {}
[50.211117] (-) TimerEvent: {}
[50.311590] (-) TimerEvent: {}
[50.412016] (-) TimerEvent: {}
[50.512428] (-) TimerEvent: {}
[50.612873] (-) TimerEvent: {}
[50.713303] (-) TimerEvent: {}
[50.813737] (-) TimerEvent: {}
[50.914172] (-) TimerEvent: {}
[51.014596] (-) TimerEvent: {}
[51.115015] (-) TimerEvent: {}
[51.215436] (-) TimerEvent: {}
[51.315851] (-) TimerEvent: {}
[51.416250] (-) TimerEvent: {}
[51.516652] (-) TimerEvent: {}
[51.617052] (-) TimerEvent: {}
[51.717458] (-) TimerEvent: {}
[51.817874] (-) TimerEvent: {}
[51.918234] (-) TimerEvent: {}
[52.018645] (-) TimerEvent: {}
[52.118998] (-) TimerEvent: {}
[52.219336] (-) TimerEvent: {}
[52.319687] (-) TimerEvent: {}
[52.420023] (-) TimerEvent: {}
[52.520405] (-) TimerEvent: {}
[52.620814] (-) TimerEvent: {}
[52.721179] (-) TimerEvent: {}
[52.821563] (-) TimerEvent: {}
[52.921924] (-) TimerEvent: {}
[53.022327] (-) TimerEvent: {}
[53.122710] (-) TimerEvent: {}
[53.223087] (-) TimerEvent: {}
[53.323465] (-) TimerEvent: {}
[53.423858] (-) TimerEvent: {}
[53.524250] (-) TimerEvent: {}
[53.624635] (-) TimerEvent: {}
[53.725020] (-) TimerEvent: {}
[53.825370] (-) TimerEvent: {}
[53.925748] (-) TimerEvent: {}
[54.026132] (-) TimerEvent: {}
[54.126522] (-) TimerEvent: {}
[54.226922] (-) TimerEvent: {}
[54.327312] (-) TimerEvent: {}
[54.427689] (-) TimerEvent: {}
[54.528025] (-) TimerEvent: {}
[54.628353] (-) TimerEvent: {}
[54.728722] (-) TimerEvent: {}
[54.829050] (-) TimerEvent: {}
[54.929373] (-) TimerEvent: {}
[55.029767] (-) TimerEvent: {}
[55.130154] (-) TimerEvent: {}
[55.230535] (-) TimerEvent: {}
[55.330928] (-) TimerEvent: {}
[55.431310] (-) TimerEvent: {}
[55.531678] (-) TimerEvent: {}
[55.632053] (-) TimerEvent: {}
[55.732423] (-) TimerEvent: {}
[55.832762] (-) TimerEvent: {}
[55.933130] (-) TimerEvent: {}
[56.033605] (-) TimerEvent: {}
[56.134056] (-) TimerEvent: {}
[56.234503] (-) TimerEvent: {}
[56.334937] (-) TimerEvent: {}
[56.435392] (-) TimerEvent: {}
[56.535880] (-) TimerEvent: {}
[56.636339] (-) TimerEvent: {}
[56.736804] (-) TimerEvent: {}
[56.837251] (-) TimerEvent: {}
[56.937698] (-) TimerEvent: {}
[57.038131] (-) TimerEvent: {}
[57.075839] (micro_ros_agent) StdoutLine: {'line': b'[100%] \x1b[32m\x1b[1mLinking CXX shared library libmicroxrcedds_agent.so\x1b[0m\n'}
[57.138364] (-) TimerEvent: {}
[57.238805] (-) TimerEvent: {}
[57.339262] (-) TimerEvent: {}
[57.383557] (micro_ros_agent) StdoutLine: {'line': b'[100%] Built target microxrcedds_agent\n'}
[57.416545] (micro_ros_agent) StdoutLine: {'line': b"\x1b[34m\x1b[1mNo install step for 'uagent'\x1b[0m\n"}
[57.439419] (-) TimerEvent: {}
[57.446793] (micro_ros_agent) StdoutLine: {'line': b"\x1b[34m\x1b[1mCompleted 'uagent'\x1b[0m\n"}
[57.487500] (micro_ros_agent) StdoutLine: {'line': b'Built target uagent\n'}
[57.518950] (micro_ros_agent) StdoutLine: {'line': b"[ 43%] \x1b[34m\x1b[1mPerforming install step for 'xrceagent'\x1b[0m\n"}
[57.539578] (-) TimerEvent: {}
[57.639945] (-) TimerEvent: {}
[57.645561] (micro_ros_agent) StdoutLine: {'line': b'[100%] Built target microxrcedds_agent\n'}
[57.669996] (micro_ros_agent) StdoutLine: {'line': b'\x1b[36mInstall the project...\x1b[0m\n'}
[57.681228] (micro_ros_agent) StdoutLine: {'line': b'-- Install configuration: "Release"\n'}
[57.681642] (micro_ros_agent) StdoutLine: {'line': b'-- Installing: /home/deimos/deimosExNihilo_ws/install/micro_ros_agent/lib/libmicroxrcedds_agent.so.2.4.3\n'}
[57.685403] (micro_ros_agent) StdoutLine: {'line': b'-- Installing: /home/deimos/deimosExNihilo_ws/install/micro_ros_agent/lib/libmicroxrcedds_agent.so.2.4\n'}
[57.685837] (micro_ros_agent) StdoutLine: {'line': b'-- Set non-toolchain portion of runtime path of "/home/deimos/deimosExNihilo_ws/install/micro_ros_agent/lib/libmicroxrcedds_agent.so.2.4.3" to ""\n'}
[57.686098] (micro_ros_agent) StdoutLine: {'line': b'-- Installing: /home/deimos/deimosExNihilo_ws/install/micro_ros_agent/lib/libmicroxrcedds_agent.so\n'}
[57.686311] (micro_ros_agent) StdoutLine: {'line': b'-- Installing: /home/deimos/deimosExNihilo_ws/install/micro_ros_agent/include/uxr/agent\n'}
[57.686522] (micro_ros_agent) StdoutLine: {'line': b'-- Installing: /home/deimos/deimosExNihilo_ws/install/micro_ros_agent/include/uxr/agent/publisher\n'}
[57.686737] (micro_ros_agent) StdoutLine: {'line': b'-- Installing: /home/deimos/deimosExNihilo_ws/install/micro_ros_agent/include/uxr/agent/publisher/Publisher.hpp\n'}
[57.686920] (micro_ros_agent) StdoutLine: {'line': b'-- Installing: /home/deimos/deimosExNihilo_ws/install/micro_ros_agent/include/uxr/agent/processor\n'}
[57.687121] (micro_ros_agent) StdoutLine: {'line': b'-- Installing: /home/deimos/deimosExNihilo_ws/install/micro_ros_agent/include/uxr/agent/processor/Processor.hpp\n'}
[57.687300] (micro_ros_agent) StdoutLine: {'line': b'-- Installing: /home/deimos/deimosExNihilo_ws/install/micro_ros_agent/include/uxr/agent/requester\n'}
[57.687494] (micro_ros_agent) StdoutLine: {'line': b'-- Installing: /home/deimos/deimosExNihilo_ws/install/micro_ros_agent/include/uxr/agent/requester/Requester.hpp\n'}
[57.687688] (micro_ros_agent) StdoutLine: {'line': b'-- Installing: /home/deimos/deimosExNihilo_ws/install/micro_ros_agent/include/uxr/agent/replier\n'}
[57.687869] (micro_ros_agent) StdoutLine: {'line': b'-- Installing: /home/deimos/deimosExNihilo_ws/install/micro_ros_agent/include/uxr/agent/replier/Replier.hpp\n'}
[57.688047] (micro_ros_agent) StdoutLine: {'line': b'-- Installing: /home/deimos/deimosExNihilo_ws/install/micro_ros_agent/include/uxr/agent/scheduler\n'}
[57.688247] (micro_ros_agent) StdoutLine: {'line': b'-- Installing: /home/deimos/deimosExNihilo_ws/install/micro_ros_agent/include/uxr/agent/scheduler/Scheduler.hpp\n'}
[57.688430] (micro_ros_agent) StdoutLine: {'line': b'-- Installing: /home/deimos/deimosExNihilo_ws/install/micro_ros_agent/include/uxr/agent/scheduler/PacketScheduler.hpp\n'}
[57.688636] (micro_ros_agent) StdoutLine: {'line': b'-- Installing: /home/deimos/deimosExNihilo_ws/install/micro_ros_agent/include/uxr/agent/transport\n'}
[57.688815] (micro_ros_agent) StdoutLine: {'line': b'-- Installing: /home/deimos/deimosExNihilo_ws/install/micro_ros_agent/include/uxr/agent/transport/can\n'}
[57.689004] (micro_ros_agent) StdoutLine: {'line': b'-- Installing: /home/deimos/deimosExNihilo_ws/install/micro_ros_agent/include/uxr/agent/transport/can/CanAgentLinux.hpp\n'}
[57.689186] (micro_ros_agent) StdoutLine: {'line': b'-- Installing: /home/deimos/deimosExNihilo_ws/install/micro_ros_agent/include/uxr/agent/transport/SessionManager.hpp\n'}
[57.689394] (micro_ros_agent) StdoutLine: {'line': b'-- Installing: /home/deimos/deimosExNihilo_ws/install/micro_ros_agent/include/uxr/agent/transport/tcp\n'}
[57.689589] (micro_ros_agent) StdoutLine: {'line': b'-- Installing: /home/deimos/deimosExNihilo_ws/install/micro_ros_agent/include/uxr/agent/transport/tcp/TCPv6AgentLinux.hpp\n'}
[57.689773] (micro_ros_agent) StdoutLine: {'line': b'-- Installing: /home/deimos/deimosExNihilo_ws/install/micro_ros_agent/include/uxr/agent/transport/tcp/TCPConnection.hpp\n'}
[57.689971] (micro_ros_agent) StdoutLine: {'line': b'-- Installing: /home/deimos/deimosExNihilo_ws/install/micro_ros_agent/include/uxr/agent/transport/tcp/TCPv4AgentWindows.hpp\n'}
[57.690155] (micro_ros_agent) StdoutLine: {'line': b'-- Installing: /home/deimos/deimosExNihilo_ws/install/micro_ros_agent/include/uxr/agent/transport/tcp/TCPv4AgentLinux.hpp\n'}
[57.690346] (micro_ros_agent) StdoutLine: {'line': b'-- Installing: /home/deimos/deimosExNihilo_ws/install/micro_ros_agent/include/uxr/agent/transport/tcp/TCPServerBase.hpp\n'}
[57.690544] (micro_ros_agent) StdoutLine: {'line': b'-- Installing: /home/deimos/deimosExNihilo_ws/install/micro_ros_agent/include/uxr/agent/transport/tcp/TCPv6AgentWindows.hpp\n'}
[57.690771] (micro_ros_agent) StdoutLine: {'line': b'-- Installing: /home/deimos/deimosExNihilo_ws/install/micro_ros_agent/include/uxr/agent/transport/endpoint\n'}
[57.690965] (micro_ros_agent) StdoutLine: {'line': b'-- Installing: /home/deimos/deimosExNihilo_ws/install/micro_ros_agent/include/uxr/agent/transport/endpoint/CanEndPoint.hpp\n'}
[57.691178] (micro_ros_agent) StdoutLine: {'line': b'-- Installing: /home/deimos/deimosExNihilo_ws/install/micro_ros_agent/include/uxr/agent/transport/endpoint/IPv4EndPoint.hpp\n'}
[57.691385] (micro_ros_agent) StdoutLine: {'line': b'-- Installing: /home/deimos/deimosExNihilo_ws/install/micro_ros_agent/include/uxr/agent/transport/endpoint/CustomEndPoint.hpp\n'}
[57.691621] (micro_ros_agent) StdoutLine: {'line': b'-- Installing: /home/deimos/deimosExNihilo_ws/install/micro_ros_agent/include/uxr/agent/transport/endpoint/SerialEndPoint.hpp\n'}
[57.691771] (micro_ros_agent) StdoutLine: {'line': b'-- Installing: /home/deimos/deimosExNihilo_ws/install/micro_ros_agent/include/uxr/agent/transport/endpoint/IPv6EndPoint.hpp\n'}
[57.691968] (micro_ros_agent) StdoutLine: {'line': b'-- Installing: /home/deimos/deimosExNihilo_ws/install/micro_ros_agent/include/uxr/agent/transport/endpoint/MultiSerialEndPoint.hpp\n'}
[57.692194] (micro_ros_agent) StdoutLine: {'line': b'-- Installing: /home/deimos/deimosExNihilo_ws/install/micro_ros_agent/include/uxr/agent/transport/stream_framing\n'}
[57.692399] (micro_ros_agent) StdoutLine: {'line': b'-- Installing: /home/deimos/deimosExNihilo_ws/install/micro_ros_agent/include/uxr/agent/transport/stream_framing/StreamFramingProtocol.hpp\n'}
[57.692614] (micro_ros_agent) StdoutLine: {'line': b'-- Installing: /home/deimos/deimosExNihilo_ws/install/micro_ros_agent/include/uxr/agent/transport/udp\n'}
[57.692822] (micro_ros_agent) StdoutLine: {'line': b'-- Installing: /home/deimos/deimosExNihilo_ws/install/micro_ros_agent/include/uxr/agent/transport/udp/UDPv6AgentLinux.hpp\n'}
[57.693015] (micro_ros_agent) StdoutLine: {'line': b'-- Installing: /home/deimos/deimosExNihilo_ws/install/micro_ros_agent/include/uxr/agent/transport/udp/UDPv6AgentWindows.hpp\n'}
[57.693236] (micro_ros_agent) StdoutLine: {'line': b'-- Installing: /home/deimos/deimosExNihilo_ws/install/micro_ros_agent/include/uxr/agent/transport/udp/UDPv4AgentLinux.hpp\n'}
[57.693445] (micro_ros_agent) StdoutLine: {'line': b'-- Installing: /home/deimos/deimosExNihilo_ws/install/micro_ros_agent/include/uxr/agent/transport/udp/UDPv4AgentWindows.hpp\n'}
[57.693603] (micro_ros_agent) StdoutLine: {'line': b'-- Installing: /home/deimos/deimosExNihilo_ws/install/micro_ros_agent/include/uxr/agent/transport/Server.hpp\n'}
[57.693751] (micro_ros_agent) StdoutLine: {'line': b'-- Installing: /home/deimos/deimosExNihilo_ws/install/micro_ros_agent/include/uxr/agent/transport/discovery\n'}
[57.693976] (micro_ros_agent) StdoutLine: {'line': b'-- Installing: /home/deimos/deimosExNihilo_ws/install/micro_ros_agent/include/uxr/agent/transport/discovery/DiscoveryServerLinux.hpp\n'}
[57.694175] (micro_ros_agent) StdoutLine: {'line': b'-- Installing: /home/deimos/deimosExNihilo_ws/install/micro_ros_agent/include/uxr/agent/transport/discovery/DiscoveryServerWindows.hpp\n'}
[57.694377] (micro_ros_agent) StdoutLine: {'line': b'-- Installing: /home/deimos/deimosExNihilo_ws/install/micro_ros_agent/include/uxr/agent/transport/discovery/DiscoveryServer.hpp\n'}
[57.694584] (micro_ros_agent) StdoutLine: {'line': b'-- Installing: /home/deimos/deimosExNihilo_ws/install/micro_ros_agent/include/uxr/agent/transport/util\n'}
[57.694815] (micro_ros_agent) StdoutLine: {'line': b'-- Installing: /home/deimos/deimosExNihilo_ws/install/micro_ros_agent/include/uxr/agent/transport/util/InterfaceWindows.hpp\n'}
[57.694983] (micro_ros_agent) StdoutLine: {'line': b'-- Installing: /home/deimos/deimosExNihilo_ws/install/micro_ros_agent/include/uxr/agent/transport/util/InterfaceLinux.hpp\n'}
[57.695153] (micro_ros_agent) StdoutLine: {'line': b'-- Installing: /home/deimos/deimosExNihilo_ws/install/micro_ros_agent/include/uxr/agent/transport/TransportRc.hpp\n'}
[57.695339] (micro_ros_agent) StdoutLine: {'line': b'-- Installing: /home/deimos/deimosExNihilo_ws/install/micro_ros_agent/include/uxr/agent/transport/p2p\n'}
[57.695575] (micro_ros_agent) StdoutLine: {'line': b'-- Installing: /home/deimos/deimosExNihilo_ws/install/micro_ros_agent/include/uxr/agent/transport/p2p/AgentDiscovererLinux.hpp\n'}
[57.695787] (micro_ros_agent) StdoutLine: {'line': b'-- Installing: /home/deimos/deimosExNihilo_ws/install/micro_ros_agent/include/uxr/agent/transport/p2p/AgentDiscoverer.hpp\n'}
[57.695988] (micro_ros_agent) StdoutLine: {'line': b'-- Installing: /home/deimos/deimosExNihilo_ws/install/micro_ros_agent/include/uxr/agent/transport/custom\n'}
[57.696201] (micro_ros_agent) StdoutLine: {'line': b'-- Installing: /home/deimos/deimosExNihilo_ws/install/micro_ros_agent/include/uxr/agent/transport/custom/CustomAgent.hpp\n'}
[57.696415] (micro_ros_agent) StdoutLine: {'line': b'-- Installing: /home/deimos/deimosExNihilo_ws/install/micro_ros_agent/include/uxr/agent/transport/serial\n'}
[57.696630] (micro_ros_agent) StdoutLine: {'line': b'-- Installing: /home/deimos/deimosExNihilo_ws/install/micro_ros_agent/include/uxr/agent/transport/serial/MultiTermiosAgentLinux.hpp\n'}
[57.696839] (micro_ros_agent) StdoutLine: {'line': b'-- Installing: /home/deimos/deimosExNihilo_ws/install/micro_ros_agent/include/uxr/agent/transport/serial/PseudoTerminalAgentLinux.hpp\n'}
[57.697047] (micro_ros_agent) StdoutLine: {'line': b'-- Installing: /home/deimos/deimosExNihilo_ws/install/micro_ros_agent/include/uxr/agent/transport/serial/TermiosAgentLinux.hpp\n'}
[57.697248] (micro_ros_agent) StdoutLine: {'line': b'-- Installing: /home/deimos/deimosExNihilo_ws/install/micro_ros_agent/include/uxr/agent/transport/serial/baud_rate_table_linux.h\n'}
[57.697442] (micro_ros_agent) StdoutLine: {'line': b'-- Installing: /home/deimos/deimosExNihilo_ws/install/micro_ros_agent/include/uxr/agent/transport/serial/SerialAgentLinux.hpp\n'}
[57.697640] (micro_ros_agent) StdoutLine: {'line': b'-- Installing: /home/deimos/deimosExNihilo_ws/install/micro_ros_agent/include/uxr/agent/transport/serial/MultiSerialAgentLinux.hpp\n'}
[57.697841] (micro_ros_agent) StdoutLine: {'line': b'-- Installing: /home/deimos/deimosExNihilo_ws/install/micro_ros_agent/include/uxr/agent/participant\n'}
[57.698060] (micro_ros_agent) StdoutLine: {'line': b'-- Installing: /home/deimos/deimosExNihilo_ws/install/micro_ros_agent/include/uxr/agent/participant/Participant.hpp\n'}
[57.698260] (micro_ros_agent) StdoutLine: {'line': b'-- Installing: /home/deimos/deimosExNihilo_ws/install/micro_ros_agent/include/uxr/agent/reader\n'}
[57.698453] (micro_ros_agent) StdoutLine: {'line': b'-- Installing: /home/deimos/deimosExNihilo_ws/install/micro_ros_agent/include/uxr/agent/reader/Reader.hpp\n'}
[57.698659] (micro_ros_agent) StdoutLine: {'line': b'-- Installing: /home/deimos/deimosExNihilo_ws/install/micro_ros_agent/include/uxr/agent/AgentInstance.hpp\n'}
[57.698854] (micro_ros_agent) StdoutLine: {'line': b'-- Installing: /home/deimos/deimosExNihilo_ws/install/micro_ros_agent/include/uxr/agent/message\n'}
[57.699066] (micro_ros_agent) StdoutLine: {'line': b'-- Installing: /home/deimos/deimosExNihilo_ws/install/micro_ros_agent/include/uxr/agent/message/InputMessage.hpp\n'}
[57.699227] (micro_ros_agent) StdoutLine: {'line': b'-- Installing: /home/deimos/deimosExNihilo_ws/install/micro_ros_agent/include/uxr/agent/message/Packet.hpp\n'}
[57.699415] (micro_ros_agent) StdoutLine: {'line': b'-- Installing: /home/deimos/deimosExNihilo_ws/install/micro_ros_agent/include/uxr/agent/message/OutputMessage.hpp\n'}
[57.699581] (micro_ros_agent) StdoutLine: {'line': b'-- Installing: /home/deimos/deimosExNihilo_ws/install/micro_ros_agent/include/uxr/agent/topic\n'}
[57.699752] (micro_ros_agent) StdoutLine: {'line': b'-- Installing: /home/deimos/deimosExNihilo_ws/install/micro_ros_agent/include/uxr/agent/topic/Topic.hpp\n'}
[57.699922] (micro_ros_agent) StdoutLine: {'line': b'-- Installing: /home/deimos/deimosExNihilo_ws/install/micro_ros_agent/include/uxr/agent/visibility.hpp\n'}
[57.700093] (micro_ros_agent) StdoutLine: {'line': b'-- Installing: /home/deimos/deimosExNihilo_ws/install/micro_ros_agent/include/uxr/agent/Agent.hpp\n'}
[57.700280] (micro_ros_agent) StdoutLine: {'line': b'-- Installing: /home/deimos/deimosExNihilo_ws/install/micro_ros_agent/include/uxr/agent/datawriter\n'}
[57.700464] (micro_ros_agent) StdoutLine: {'line': b'-- Installing: /home/deimos/deimosExNihilo_ws/install/micro_ros_agent/include/uxr/agent/datawriter/DataWriter.hpp\n'}
[57.700662] (micro_ros_agent) StdoutLine: {'line': b'-- Installing: /home/deimos/deimosExNihilo_ws/install/micro_ros_agent/include/uxr/agent/datareader\n'}
[57.700843] (micro_ros_agent) StdoutLine: {'line': b'-- Installing: /home/deimos/deimosExNihilo_ws/install/micro_ros_agent/include/uxr/agent/datareader/DataReader.hpp\n'}
[57.701008] (micro_ros_agent) StdoutLine: {'line': b'-- Installing: /home/deimos/deimosExNihilo_ws/install/micro_ros_agent/include/uxr/agent/client\n'}
[57.701185] (micro_ros_agent) StdoutLine: {'line': b'-- Installing: /home/deimos/deimosExNihilo_ws/install/micro_ros_agent/include/uxr/agent/client/session\n'}
[57.701358] (micro_ros_agent) StdoutLine: {'line': b'-- Installing: /home/deimos/deimosExNihilo_ws/install/micro_ros_agent/include/uxr/agent/client/session/Session.hpp\n'}
[57.701518] (micro_ros_agent) StdoutLine: {'line': b'-- Installing: /home/deimos/deimosExNihilo_ws/install/micro_ros_agent/include/uxr/agent/client/session/stream\n'}
[57.701688] (micro_ros_agent) StdoutLine: {'line': b'-- Installing: /home/deimos/deimosExNihilo_ws/install/micro_ros_agent/include/uxr/agent/client/session/stream/InputStream.hpp\n'}
[57.701861] (micro_ros_agent) StdoutLine: {'line': b'-- Installing: /home/deimos/deimosExNihilo_ws/install/micro_ros_agent/include/uxr/agent/client/session/stream/OutputStream.hpp\n'}
[57.702016] (micro_ros_agent) StdoutLine: {'line': b'-- Installing: /home/deimos/deimosExNihilo_ws/install/micro_ros_agent/include/uxr/agent/client/session/SessionInfo.hpp\n'}
[57.702192] (micro_ros_agent) StdoutLine: {'line': b'-- Installing: /home/deimos/deimosExNihilo_ws/install/micro_ros_agent/include/uxr/agent/client/ProxyClient.hpp\n'}
[57.702362] (micro_ros_agent) StdoutLine: {'line': b'-- Installing: /home/deimos/deimosExNihilo_ws/install/micro_ros_agent/include/uxr/agent/logger\n'}
[57.702522] (micro_ros_agent) StdoutLine: {'line': b'-- Installing: /home/deimos/deimosExNihilo_ws/install/micro_ros_agent/include/uxr/agent/logger/Logger.hpp\n'}
[57.702715] (micro_ros_agent) StdoutLine: {'line': b'-- Installing: /home/deimos/deimosExNihilo_ws/install/micro_ros_agent/include/uxr/agent/middleware\n'}
[57.702878] (micro_ros_agent) StdoutLine: {'line': b'-- Installing: /home/deimos/deimosExNihilo_ws/install/micro_ros_agent/include/uxr/agent/middleware/ced\n'}
[57.703049] (micro_ros_agent) StdoutLine: {'line': b'-- Installing: /home/deimos/deimosExNihilo_ws/install/micro_ros_agent/include/uxr/agent/middleware/ced/CedMiddleware.hpp\n'}
[57.703176] (micro_ros_agent) StdoutLine: {'line': b'-- Installing: /home/deimos/deimosExNihilo_ws/install/micro_ros_agent/include/uxr/agent/middleware/ced/CedEntities.hpp\n'}
[57.703295] (micro_ros_agent) StdoutLine: {'line': b'-- Installing: /home/deimos/deimosExNihilo_ws/install/micro_ros_agent/include/uxr/agent/middleware/fastdds\n'}
[57.703410] (micro_ros_agent) StdoutLine: {'line': b'-- Installing: /home/deimos/deimosExNihilo_ws/install/micro_ros_agent/include/uxr/agent/middleware/fastdds/FastDDSEntities.hpp\n'}
[57.703528] (micro_ros_agent) StdoutLine: {'line': b'-- Installing: /home/deimos/deimosExNihilo_ws/install/micro_ros_agent/include/uxr/agent/middleware/fastdds/FastDDSMiddleware.hpp\n'}
[57.703654] (micro_ros_agent) StdoutLine: {'line': b'-- Installing: /home/deimos/deimosExNihilo_ws/install/micro_ros_agent/include/uxr/agent/middleware/fast\n'}
[57.703774] (micro_ros_agent) StdoutLine: {'line': b'-- Installing: /home/deimos/deimosExNihilo_ws/install/micro_ros_agent/include/uxr/agent/middleware/fast/FastEntities.hpp\n'}
[57.703889] (micro_ros_agent) StdoutLine: {'line': b'-- Installing: /home/deimos/deimosExNihilo_ws/install/micro_ros_agent/include/uxr/agent/middleware/fast/FastMiddleware.hpp\n'}
[57.704007] (micro_ros_agent) StdoutLine: {'line': b'-- Installing: /home/deimos/deimosExNihilo_ws/install/micro_ros_agent/include/uxr/agent/middleware/Middleware.hpp\n'}
[57.704118] (micro_ros_agent) StdoutLine: {'line': b'-- Installing: /home/deimos/deimosExNihilo_ws/install/micro_ros_agent/include/uxr/agent/middleware/utils\n'}
[57.704232] (micro_ros_agent) StdoutLine: {'line': b'-- Installing: /home/deimos/deimosExNihilo_ws/install/micro_ros_agent/include/uxr/agent/middleware/utils/Callbacks.hpp\n'}
[57.704387] (micro_ros_agent) StdoutLine: {'line': b'-- Installing: /home/deimos/deimosExNihilo_ws/install/micro_ros_agent/include/uxr/agent/Root.hpp\n'}
[57.704503] (micro_ros_agent) StdoutLine: {'line': b'-- Installing: /home/deimos/deimosExNihilo_ws/install/micro_ros_agent/include/uxr/agent/types\n'}
[57.704631] (micro_ros_agent) StdoutLine: {'line': b'-- Installing: /home/deimos/deimosExNihilo_ws/install/micro_ros_agent/include/uxr/agent/types/MessageHeader.hpp\n'}
[57.704745] (micro_ros_agent) StdoutLine: {'line': b'-- Installing: /home/deimos/deimosExNihilo_ws/install/micro_ros_agent/include/uxr/agent/types/TopicPubSubType.hpp\n'}
[57.704856] (micro_ros_agent) StdoutLine: {'line': b'-- Installing: /home/deimos/deimosExNihilo_ws/install/micro_ros_agent/include/uxr/agent/types/SubMessageHeader.hpp\n'}
[57.704963] (micro_ros_agent) StdoutLine: {'line': b'-- Installing: /home/deimos/deimosExNihilo_ws/install/micro_ros_agent/include/uxr/agent/types/Optional.hpp\n'}
[57.705076] (micro_ros_agent) StdoutLine: {'line': b'-- Installing: /home/deimos/deimosExNihilo_ws/install/micro_ros_agent/include/uxr/agent/types/XRCETypes.hpp\n'}
[57.705188] (micro_ros_agent) StdoutLine: {'line': b'-- Installing: /home/deimos/deimosExNihilo_ws/install/micro_ros_agent/include/uxr/agent/utils\n'}
[57.705299] (micro_ros_agent) StdoutLine: {'line': b'-- Installing: /home/deimos/deimosExNihilo_ws/install/micro_ros_agent/include/uxr/agent/utils/SharedMutexPriority.hpp\n'}
[57.705408] (micro_ros_agent) StdoutLine: {'line': b'-- Installing: /home/deimos/deimosExNihilo_ws/install/micro_ros_agent/include/uxr/agent/utils/TokenBucket.hpp\n'}
[57.705519] (micro_ros_agent) StdoutLine: {'line': b'-- Installing: /home/deimos/deimosExNihilo_ws/install/micro_ros_agent/include/uxr/agent/utils/Time.hpp\n'}
[57.705713] (micro_ros_agent) StdoutLine: {'line': b'-- Installing: /home/deimos/deimosExNihilo_ws/install/micro_ros_agent/include/uxr/agent/utils/Color.hpp\n'}
[57.705881] (micro_ros_agent) StdoutLine: {'line': b'-- Installing: /home/deimos/deimosExNihilo_ws/install/micro_ros_agent/include/uxr/agent/utils/SharedMutex.hpp\n'}
[57.705958] (micro_ros_agent) StdoutLine: {'line': b'-- Installing: /home/deimos/deimosExNihilo_ws/install/micro_ros_agent/include/uxr/agent/utils/Functions.hpp\n'}
[57.706027] (micro_ros_agent) StdoutLine: {'line': b'-- Installing: /home/deimos/deimosExNihilo_ws/install/micro_ros_agent/include/uxr/agent/utils/ArgumentParser.hpp\n'}
[57.706093] (micro_ros_agent) StdoutLine: {'line': b'-- Installing: /home/deimos/deimosExNihilo_ws/install/micro_ros_agent/include/uxr/agent/utils/Conversion.hpp\n'}
[57.706154] (micro_ros_agent) StdoutLine: {'line': b'-- Installing: /home/deimos/deimosExNihilo_ws/install/micro_ros_agent/include/uxr/agent/utils/SeqNum.hpp\n'}
[57.706215] (micro_ros_agent) StdoutLine: {'line': b'-- Installing: /home/deimos/deimosExNihilo_ws/install/micro_ros_agent/include/uxr/agent/subscriber\n'}
[57.706277] (micro_ros_agent) StdoutLine: {'line': b'-- Installing: /home/deimos/deimosExNihilo_ws/install/micro_ros_agent/include/uxr/agent/subscriber/Subscriber.hpp\n'}
[57.706338] (micro_ros_agent) StdoutLine: {'line': b'-- Installing: /home/deimos/deimosExNihilo_ws/install/micro_ros_agent/include/uxr/agent/p2p\n'}
[57.706398] (micro_ros_agent) StdoutLine: {'line': b'-- Installing: /home/deimos/deimosExNihilo_ws/install/micro_ros_agent/include/uxr/agent/p2p/InternalClientManager.hpp\n'}
[57.706463] (micro_ros_agent) StdoutLine: {'line': b'-- Installing: /home/deimos/deimosExNihilo_ws/install/micro_ros_agent/include/uxr/agent/p2p/InternalClient.hpp\n'}
[57.706525] (micro_ros_agent) StdoutLine: {'line': b'-- Installing: /home/deimos/deimosExNihilo_ws/install/micro_ros_agent/include/uxr/agent/object\n'}
[57.706602] (micro_ros_agent) StdoutLine: {'line': b'-- Installing: /home/deimos/deimosExNihilo_ws/install/micro_ros_agent/include/uxr/agent/object/XRCEObject.hpp\n'}
[57.706662] (micro_ros_agent) StdoutLine: {'line': b'-- Installing: /home/deimos/deimosExNihilo_ws/install/micro_ros_agent/share/microxrcedds_agent/cmake/microxrcedds_agentTargets.cmake\n'}
[57.706732] (micro_ros_agent) StdoutLine: {'line': b'-- Installing: /home/deimos/deimosExNihilo_ws/install/micro_ros_agent/share/microxrcedds_agent/cmake/microxrcedds_agentTargets-release.cmake\n'}
[57.706797] (micro_ros_agent) StdoutLine: {'line': b'-- Installing: /home/deimos/deimosExNihilo_ws/install/micro_ros_agent/include/uxr/agent/config.hpp\n'}
[57.706859] (micro_ros_agent) StdoutLine: {'line': b'-- Installing: /home/deimos/deimosExNihilo_ws/install/micro_ros_agent/share/microxrcedds_agent/LICENSE\n'}
[57.706919] (micro_ros_agent) StdoutLine: {'line': b'-- Installing: /home/deimos/deimosExNihilo_ws/install/micro_ros_agent/share/microxrcedds_agent/cmake/microxrcedds_agentConfig.cmake\n'}
[57.706979] (micro_ros_agent) StdoutLine: {'line': b'-- Installing: /home/deimos/deimosExNihilo_ws/install/micro_ros_agent/share/microxrcedds_agent/cmake/microxrcedds_agentConfigVersion.cmake\n'}
[57.707038] (micro_ros_agent) StdoutLine: {'line': b'-- Up-to-date: /home/deimos/deimosExNihilo_ws/install/micro_ros_agent\n'}
[57.707098] (micro_ros_agent) StdoutLine: {'line': b'-- Up-to-date: /home/deimos/deimosExNihilo_ws/install/micro_ros_agent/include\n'}
[57.707158] (micro_ros_agent) StdoutLine: {'line': b'-- Installing: /home/deimos/deimosExNihilo_ws/install/micro_ros_agent/include/spdlog\n'}
[57.707219] (micro_ros_agent) StdoutLine: {'line': b'-- Installing: /home/deimos/deimosExNihilo_ws/install/micro_ros_agent/include/spdlog/common-inl.h\n'}
[57.707279] (micro_ros_agent) StdoutLine: {'line': b'-- Installing: /home/deimos/deimosExNihilo_ws/install/micro_ros_agent/include/spdlog/async.h\n'}
[57.707338] (micro_ros_agent) StdoutLine: {'line': b'-- Installing: /home/deimos/deimosExNihilo_ws/install/micro_ros_agent/include/spdlog/formatter.h\n'}
[57.707393] (micro_ros_agent) StdoutLine: {'line': b'-- Installing: /home/deimos/deimosExNihilo_ws/install/micro_ros_agent/include/spdlog/spdlog-inl.h\n'}
[57.707457] (micro_ros_agent) StdoutLine: {'line': b'-- Installing: /home/deimos/deimosExNihilo_ws/install/micro_ros_agent/include/spdlog/version.h\n'}
[57.707516] (micro_ros_agent) StdoutLine: {'line': b'-- Installing: /home/deimos/deimosExNihilo_ws/install/micro_ros_agent/include/spdlog/async_logger.h\n'}
[57.707630] (micro_ros_agent) StdoutLine: {'line': b'-- Installing: /home/deimos/deimosExNihilo_ws/install/micro_ros_agent/include/spdlog/common.h\n'}
[57.707701] (micro_ros_agent) StdoutLine: {'line': b'-- Installing: /home/deimos/deimosExNihilo_ws/install/micro_ros_agent/include/spdlog/logger.h\n'}
[57.707763] (micro_ros_agent) StdoutLine: {'line': b'-- Installing: /home/deimos/deimosExNihilo_ws/install/micro_ros_agent/include/spdlog/details\n'}
[57.707825] (micro_ros_agent) StdoutLine: {'line': b'-- Installing: /home/deimos/deimosExNihilo_ws/install/micro_ros_agent/include/spdlog/details/periodic_worker.h\n'}
[57.707885] (micro_ros_agent) StdoutLine: {'line': b'-- Installing: /home/deimos/deimosExNihilo_ws/install/micro_ros_agent/include/spdlog/details/backtracer.h\n'}
[57.707946] (micro_ros_agent) StdoutLine: {'line': b'-- Installing: /home/deimos/deimosExNihilo_ws/install/micro_ros_agent/include/spdlog/details/fmt_helper.h\n'}
[57.708006] (micro_ros_agent) StdoutLine: {'line': b'-- Installing: /home/deimos/deimosExNihilo_ws/install/micro_ros_agent/include/spdlog/details/file_helper-inl.h\n'}
[57.708066] (micro_ros_agent) StdoutLine: {'line': b'-- Installing: /home/deimos/deimosExNihilo_ws/install/micro_ros_agent/include/spdlog/details/registry-inl.h\n'}
[57.708122] (micro_ros_agent) StdoutLine: {'line': b'-- Installing: /home/deimos/deimosExNihilo_ws/install/micro_ros_agent/include/spdlog/details/thread_pool.h\n'}
[57.708179] (micro_ros_agent) StdoutLine: {'line': b'-- Installing: /home/deimos/deimosExNihilo_ws/install/micro_ros_agent/include/spdlog/details/null_mutex.h\n'}
[57.708238] (micro_ros_agent) StdoutLine: {'line': b'-- Installing: /home/deimos/deimosExNihilo_ws/install/micro_ros_agent/include/spdlog/details/log_msg-inl.h\n'}
[57.708293] (micro_ros_agent) StdoutLine: {'line': b'-- Installing: /home/deimos/deimosExNihilo_ws/install/micro_ros_agent/include/spdlog/details/tcp_client-windows.h\n'}
[57.708352] (micro_ros_agent) StdoutLine: {'line': b'-- Installing: /home/deimos/deimosExNihilo_ws/install/micro_ros_agent/include/spdlog/details/synchronous_factory.h\n'}
[57.708411] (micro_ros_agent) StdoutLine: {'line': b'-- Installing: /home/deimos/deimosExNihilo_ws/install/micro_ros_agent/include/spdlog/details/periodic_worker-inl.h\n'}
[57.708467] (micro_ros_agent) StdoutLine: {'line': b'-- Installing: /home/deimos/deimosExNihilo_ws/install/micro_ros_agent/include/spdlog/details/log_msg_buffer-inl.h\n'}
[57.708524] (micro_ros_agent) StdoutLine: {'line': b'-- Installing: /home/deimos/deimosExNihilo_ws/install/micro_ros_agent/include/spdlog/details/log_msg_buffer.h\n'}
[57.708592] (micro_ros_agent) StdoutLine: {'line': b'-- Installing: /home/deimos/deimosExNihilo_ws/install/micro_ros_agent/include/spdlog/details/windows_include.h\n'}
[57.708650] (micro_ros_agent) StdoutLine: {'line': b'-- Installing: /home/deimos/deimosExNihilo_ws/install/micro_ros_agent/include/spdlog/details/os-inl.h\n'}
[57.708708] (micro_ros_agent) StdoutLine: {'line': b'-- Installing: /home/deimos/deimosExNihilo_ws/install/micro_ros_agent/include/spdlog/details/os.h\n'}
[57.708768] (micro_ros_agent) StdoutLine: {'line': b'-- Installing: /home/deimos/deimosExNihilo_ws/install/micro_ros_agent/include/spdlog/details/circular_q.h\n'}
[57.708827] (micro_ros_agent) StdoutLine: {'line': b'-- Installing: /home/deimos/deimosExNihilo_ws/install/micro_ros_agent/include/spdlog/details/mpmc_blocking_q.h\n'}
[57.708886] (micro_ros_agent) StdoutLine: {'line': b'-- Installing: /home/deimos/deimosExNihilo_ws/install/micro_ros_agent/include/spdlog/details/log_msg.h\n'}
[57.708943] (micro_ros_agent) StdoutLine: {'line': b'-- Installing: /home/deimos/deimosExNihilo_ws/install/micro_ros_agent/include/spdlog/details/console_globals.h\n'}
[57.709002] (micro_ros_agent) StdoutLine: {'line': b'-- Installing: /home/deimos/deimosExNihilo_ws/install/micro_ros_agent/include/spdlog/details/thread_pool-inl.h\n'}
[57.709060] (micro_ros_agent) StdoutLine: {'line': b'-- Installing: /home/deimos/deimosExNihilo_ws/install/micro_ros_agent/include/spdlog/details/file_helper.h\n'}
[57.709114] (micro_ros_agent) StdoutLine: {'line': b'-- Installing: /home/deimos/deimosExNihilo_ws/install/micro_ros_agent/include/spdlog/details/backtracer-inl.h\n'}
[57.709174] (micro_ros_agent) StdoutLine: {'line': b'-- Installing: /home/deimos/deimosExNihilo_ws/install/micro_ros_agent/include/spdlog/details/tcp_client.h\n'}
[57.709233] (micro_ros_agent) StdoutLine: {'line': b'-- Installing: /home/deimos/deimosExNihilo_ws/install/micro_ros_agent/include/spdlog/details/registry.h\n'}
[57.709287] (micro_ros_agent) StdoutLine: {'line': b'-- Installing: /home/deimos/deimosExNihilo_ws/install/micro_ros_agent/include/spdlog/logger-inl.h\n'}
[57.709344] (micro_ros_agent) StdoutLine: {'line': b'-- Installing: /home/deimos/deimosExNihilo_ws/install/micro_ros_agent/include/spdlog/fwd.h\n'}
[57.709401] (micro_ros_agent) StdoutLine: {'line': b'-- Installing: /home/deimos/deimosExNihilo_ws/install/micro_ros_agent/include/spdlog/pattern_formatter.h\n'}
[57.709460] (micro_ros_agent) StdoutLine: {'line': b'-- Installing: /home/deimos/deimosExNihilo_ws/install/micro_ros_agent/include/spdlog/pattern_formatter-inl.h\n'}
[57.709515] (micro_ros_agent) StdoutLine: {'line': b'-- Installing: /home/deimos/deimosExNihilo_ws/install/micro_ros_agent/include/spdlog/cfg\n'}
[57.709578] (micro_ros_agent) StdoutLine: {'line': b'-- Installing: /home/deimos/deimosExNihilo_ws/install/micro_ros_agent/include/spdlog/cfg/env.h\n'}
[57.709641] (micro_ros_agent) StdoutLine: {'line': b'-- Installing: /home/deimos/deimosExNihilo_ws/install/micro_ros_agent/include/spdlog/cfg/argv.h\n'}
[57.709698] (micro_ros_agent) StdoutLine: {'line': b'-- Installing: /home/deimos/deimosExNihilo_ws/install/micro_ros_agent/include/spdlog/cfg/helpers-inl.h\n'}
[57.709757] (micro_ros_agent) StdoutLine: {'line': b'-- Installing: /home/deimos/deimosExNihilo_ws/install/micro_ros_agent/include/spdlog/cfg/helpers.h\n'}
[57.709818] (micro_ros_agent) StdoutLine: {'line': b'-- Installing: /home/deimos/deimosExNihilo_ws/install/micro_ros_agent/include/spdlog/stopwatch.h\n'}
[57.709877] (micro_ros_agent) StdoutLine: {'line': b'-- Installing: /home/deimos/deimosExNihilo_ws/install/micro_ros_agent/include/spdlog/async_logger-inl.h\n'}
[57.709936] (micro_ros_agent) StdoutLine: {'line': b'-- Installing: /home/deimos/deimosExNihilo_ws/install/micro_ros_agent/include/spdlog/fmt\n'}
[57.709989] (micro_ros_agent) StdoutLine: {'line': b'-- Installing: /home/deimos/deimosExNihilo_ws/install/micro_ros_agent/include/spdlog/fmt/chrono.h\n'}
[57.710049] (micro_ros_agent) StdoutLine: {'line': b'-- Installing: /home/deimos/deimosExNihilo_ws/install/micro_ros_agent/include/spdlog/fmt/compile.h\n'}
[57.710110] (micro_ros_agent) StdoutLine: {'line': b'-- Installing: /home/deimos/deimosExNihilo_ws/install/micro_ros_agent/include/spdlog/fmt/xchar.h\n'}
[57.710178] (micro_ros_agent) StdoutLine: {'line': b'-- Installing: /home/deimos/deimosExNihilo_ws/install/micro_ros_agent/include/spdlog/fmt/ostr.h\n'}
[57.710238] (micro_ros_agent) StdoutLine: {'line': b'-- Installing: /home/deimos/deimosExNihilo_ws/install/micro_ros_agent/include/spdlog/fmt/fmt.h\n'}
[57.710299] (micro_ros_agent) StdoutLine: {'line': b'-- Installing: /home/deimos/deimosExNihilo_ws/install/micro_ros_agent/include/spdlog/fmt/bundled\n'}
[57.710361] (micro_ros_agent) StdoutLine: {'line': b'-- Installing: /home/deimos/deimosExNihilo_ws/install/micro_ros_agent/include/spdlog/fmt/bundled/format.h\n'}
[57.710420] (micro_ros_agent) StdoutLine: {'line': b'-- Installing: /home/deimos/deimosExNihilo_ws/install/micro_ros_agent/include/spdlog/fmt/bundled/color.h\n'}
[57.710479] (micro_ros_agent) StdoutLine: {'line': b'-- Installing: /home/deimos/deimosExNihilo_ws/install/micro_ros_agent/include/spdlog/fmt/bundled/chrono.h\n'}
[57.710541] (micro_ros_agent) StdoutLine: {'line': b'-- Installing: /home/deimos/deimosExNihilo_ws/install/micro_ros_agent/include/spdlog/fmt/bundled/core.h\n'}
[57.710618] (micro_ros_agent) StdoutLine: {'line': b'-- Installing: /home/deimos/deimosExNihilo_ws/install/micro_ros_agent/include/spdlog/fmt/bundled/format-inl.h\n'}
[57.710677] (micro_ros_agent) StdoutLine: {'line': b'-- Installing: /home/deimos/deimosExNihilo_ws/install/micro_ros_agent/include/spdlog/fmt/bundled/compile.h\n'}
[57.710734] (micro_ros_agent) StdoutLine: {'line': b'-- Installing: /home/deimos/deimosExNihilo_ws/install/micro_ros_agent/include/spdlog/fmt/bundled/xchar.h\n'}
[57.710795] (micro_ros_agent) StdoutLine: {'line': b'-- Installing: /home/deimos/deimosExNihilo_ws/install/micro_ros_agent/include/spdlog/fmt/bundled/args.h\n'}
[57.710853] (micro_ros_agent) StdoutLine: {'line': b'-- Installing: /home/deimos/deimosExNihilo_ws/install/micro_ros_agent/include/spdlog/fmt/bundled/os.h\n'}
[57.710911] (micro_ros_agent) StdoutLine: {'line': b'-- Installing: /home/deimos/deimosExNihilo_ws/install/micro_ros_agent/include/spdlog/fmt/bundled/ranges.h\n'}
[57.710975] (micro_ros_agent) StdoutLine: {'line': b'-- Installing: /home/deimos/deimosExNihilo_ws/install/micro_ros_agent/include/spdlog/fmt/bundled/printf.h\n'}
[57.711036] (micro_ros_agent) StdoutLine: {'line': b'-- Installing: /home/deimos/deimosExNihilo_ws/install/micro_ros_agent/include/spdlog/fmt/bundled/ostream.h\n'}
[57.711096] (micro_ros_agent) StdoutLine: {'line': b'-- Installing: /home/deimos/deimosExNihilo_ws/install/micro_ros_agent/include/spdlog/fmt/bundled/locale.h\n'}
[57.711154] (micro_ros_agent) StdoutLine: {'line': b'-- Installing: /home/deimos/deimosExNihilo_ws/install/micro_ros_agent/include/spdlog/fmt/bin_to_hex.h\n'}
[57.711210] (micro_ros_agent) StdoutLine: {'line': b'-- Installing: /home/deimos/deimosExNihilo_ws/install/micro_ros_agent/include/spdlog/spdlog.h\n'}
[57.711268] (micro_ros_agent) StdoutLine: {'line': b'-- Installing: /home/deimos/deimosExNihilo_ws/install/micro_ros_agent/include/spdlog/sinks\n'}
[57.711330] (micro_ros_agent) StdoutLine: {'line': b'-- Installing: /home/deimos/deimosExNihilo_ws/install/micro_ros_agent/include/spdlog/sinks/stdout_sinks.h\n'}
[57.711392] (micro_ros_agent) StdoutLine: {'line': b'-- Installing: /home/deimos/deimosExNihilo_ws/install/micro_ros_agent/include/spdlog/sinks/stdout_color_sinks.h\n'}
[57.711454] (micro_ros_agent) StdoutLine: {'line': b'-- Installing: /home/deimos/deimosExNihilo_ws/install/micro_ros_agent/include/spdlog/sinks/ostream_sink.h\n'}
[57.711516] (micro_ros_agent) StdoutLine: {'line': b'-- Installing: /home/deimos/deimosExNihilo_ws/install/micro_ros_agent/include/spdlog/sinks/android_sink.h\n'}
[57.711591] (micro_ros_agent) StdoutLine: {'line': b'-- Installing: /home/deimos/deimosExNihilo_ws/install/micro_ros_agent/include/spdlog/sinks/tcp_sink.h\n'}
[57.711655] (micro_ros_agent) StdoutLine: {'line': b'-- Installing: /home/deimos/deimosExNihilo_ws/install/micro_ros_agent/include/spdlog/sinks/msvc_sink.h\n'}
[57.711715] (micro_ros_agent) StdoutLine: {'line': b'-- Installing: /home/deimos/deimosExNihilo_ws/install/micro_ros_agent/include/spdlog/sinks/daily_file_sink.h\n'}
[57.711770] (micro_ros_agent) StdoutLine: {'line': b'-- Installing: /home/deimos/deimosExNihilo_ws/install/micro_ros_agent/include/spdlog/sinks/ansicolor_sink.h\n'}
[57.711833] (micro_ros_agent) StdoutLine: {'line': b'-- Installing: /home/deimos/deimosExNihilo_ws/install/micro_ros_agent/include/spdlog/sinks/win_eventlog_sink.h\n'}
[57.711889] (micro_ros_agent) StdoutLine: {'line': b'-- Installing: /home/deimos/deimosExNihilo_ws/install/micro_ros_agent/include/spdlog/sinks/stdout_color_sinks-inl.h\n'}
[57.711943] (micro_ros_agent) StdoutLine: {'line': b'-- Installing: /home/deimos/deimosExNihilo_ws/install/micro_ros_agent/include/spdlog/sinks/rotating_file_sink.h\n'}
[57.712001] (micro_ros_agent) StdoutLine: {'line': b'-- Installing: /home/deimos/deimosExNihilo_ws/install/micro_ros_agent/include/spdlog/sinks/syslog_sink.h\n'}
[57.712058] (micro_ros_agent) StdoutLine: {'line': b'-- Installing: /home/deimos/deimosExNihilo_ws/install/micro_ros_agent/include/spdlog/sinks/wincolor_sink-inl.h\n'}
[57.712114] (micro_ros_agent) StdoutLine: {'line': b'-- Installing: /home/deimos/deimosExNihilo_ws/install/micro_ros_agent/include/spdlog/sinks/mongo_sink.h\n'}
[57.712172] (micro_ros_agent) StdoutLine: {'line': b'-- Installing: /home/deimos/deimosExNihilo_ws/install/micro_ros_agent/include/spdlog/sinks/stdout_sinks-inl.h\n'}
[57.712231] (micro_ros_agent) StdoutLine: {'line': b'-- Installing: /home/deimos/deimosExNihilo_ws/install/micro_ros_agent/include/spdlog/sinks/ringbuffer_sink.h\n'}
[57.712290] (micro_ros_agent) StdoutLine: {'line': b'-- Installing: /home/deimos/deimosExNihilo_ws/install/micro_ros_agent/include/spdlog/sinks/rotating_file_sink-inl.h\n'}
[57.712355] (micro_ros_agent) StdoutLine: {'line': b'-- Installing: /home/deimos/deimosExNihilo_ws/install/micro_ros_agent/include/spdlog/sinks/dup_filter_sink.h\n'}
[57.712418] (micro_ros_agent) StdoutLine: {'line': b'-- Installing: /home/deimos/deimosExNihilo_ws/install/micro_ros_agent/include/spdlog/sinks/wincolor_sink.h\n'}
[57.712481] (micro_ros_agent) StdoutLine: {'line': b'-- Installing: /home/deimos/deimosExNihilo_ws/install/micro_ros_agent/include/spdlog/sinks/ansicolor_sink-inl.h\n'}
[57.712546] (micro_ros_agent) StdoutLine: {'line': b'-- Installing: /home/deimos/deimosExNihilo_ws/install/micro_ros_agent/include/spdlog/sinks/sink-inl.h\n'}
[57.712613] (micro_ros_agent) StdoutLine: {'line': b'-- Installing: /home/deimos/deimosExNihilo_ws/install/micro_ros_agent/include/spdlog/sinks/hourly_file_sink.h\n'}
[57.712673] (micro_ros_agent) StdoutLine: {'line': b'-- Installing: /home/deimos/deimosExNihilo_ws/install/micro_ros_agent/include/spdlog/sinks/dist_sink.h\n'}
[57.712729] (micro_ros_agent) StdoutLine: {'line': b'-- Installing: /home/deimos/deimosExNihilo_ws/install/micro_ros_agent/include/spdlog/sinks/basic_file_sink-inl.h\n'}
[57.712788] (micro_ros_agent) StdoutLine: {'line': b'-- Installing: /home/deimos/deimosExNihilo_ws/install/micro_ros_agent/include/spdlog/sinks/sink.h\n'}
[57.712850] (micro_ros_agent) StdoutLine: {'line': b'-- Installing: /home/deimos/deimosExNihilo_ws/install/micro_ros_agent/include/spdlog/sinks/base_sink-inl.h\n'}
[57.712915] (micro_ros_agent) StdoutLine: {'line': b'-- Installing: /home/deimos/deimosExNihilo_ws/install/micro_ros_agent/include/spdlog/sinks/base_sink.h\n'}
[57.712974] (micro_ros_agent) StdoutLine: {'line': b'-- Installing: /home/deimos/deimosExNihilo_ws/install/micro_ros_agent/include/spdlog/sinks/null_sink.h\n'}
[57.713032] (micro_ros_agent) StdoutLine: {'line': b'-- Installing: /home/deimos/deimosExNihilo_ws/install/micro_ros_agent/include/spdlog/sinks/qt_sinks.h\n'}
[57.713089] (micro_ros_agent) StdoutLine: {'line': b'-- Installing: /home/deimos/deimosExNihilo_ws/install/micro_ros_agent/include/spdlog/sinks/basic_file_sink.h\n'}
[57.713145] (micro_ros_agent) StdoutLine: {'line': b'-- Installing: /home/deimos/deimosExNihilo_ws/install/micro_ros_agent/include/spdlog/sinks/systemd_sink.h\n'}
[57.713203] (micro_ros_agent) StdoutLine: {'line': b'-- Installing: /home/deimos/deimosExNihilo_ws/install/micro_ros_agent/include/spdlog/tweakme.h\n'}
[57.713262] (micro_ros_agent) StdoutLine: {'line': b'-- Up-to-date: /home/deimos/deimosExNihilo_ws/install/micro_ros_agent/lib\n'}
[57.713320] (micro_ros_agent) StdoutLine: {'line': b'-- Installing: /home/deimos/deimosExNihilo_ws/install/micro_ros_agent/lib/cmake\n'}
[57.713379] (micro_ros_agent) StdoutLine: {'line': b'-- Installing: /home/deimos/deimosExNihilo_ws/install/micro_ros_agent/lib/cmake/spdlog\n'}
[57.713435] (micro_ros_agent) StdoutLine: {'line': b'-- Installing: /home/deimos/deimosExNihilo_ws/install/micro_ros_agent/lib/cmake/spdlog/spdlogConfig.cmake\n'}
[57.713494] (micro_ros_agent) StdoutLine: {'line': b'-- Installing: /home/deimos/deimosExNihilo_ws/install/micro_ros_agent/lib/cmake/spdlog/spdlogConfigTargets.cmake\n'}
[57.713553] (micro_ros_agent) StdoutLine: {'line': b'-- Installing: /home/deimos/deimosExNihilo_ws/install/micro_ros_agent/lib/cmake/spdlog/spdlogConfigVersion.cmake\n'}
[57.713621] (micro_ros_agent) StdoutLine: {'line': b'-- Installing: /home/deimos/deimosExNihilo_ws/install/micro_ros_agent/lib/cmake/spdlog/spdlogConfigTargets-release.cmake\n'}
[57.713680] (micro_ros_agent) StdoutLine: {'line': b'-- Installing: /home/deimos/deimosExNihilo_ws/install/micro_ros_agent/lib/libspdlog.a\n'}
[57.713739] (micro_ros_agent) StdoutLine: {'line': b'-- Installing: /home/deimos/deimosExNihilo_ws/install/micro_ros_agent/lib/pkgconfig\n'}
[57.713796] (micro_ros_agent) StdoutLine: {'line': b'-- Installing: /home/deimos/deimosExNihilo_ws/install/micro_ros_agent/lib/pkgconfig/spdlog.pc\n'}
[57.729432] (micro_ros_agent) StdoutLine: {'line': b"[ 50%] \x1b[34m\x1b[1mCompleted 'xrceagent'\x1b[0m\n"}
[57.740057] (-) TimerEvent: {}
[57.768504] (micro_ros_agent) StdoutLine: {'line': b'[ 50%] Built target xrceagent\n'}
[57.792852] (micro_ros_agent) StdoutLine: {'line': b"[ 56%] \x1b[34m\x1b[1mCreating directories for 'micro_ros_agent'\x1b[0m\n"}
[57.822152] (micro_ros_agent) StdoutLine: {'line': b"[ 62%] \x1b[34m\x1b[1mNo download step for 'micro_ros_agent'\x1b[0m\n"}
[57.840187] (-) TimerEvent: {}
[57.855905] (micro_ros_agent) StdoutLine: {'line': b"[ 68%] \x1b[34m\x1b[1mNo update step for 'micro_ros_agent'\x1b[0m\n"}
[57.891248] (micro_ros_agent) StdoutLine: {'line': b"[ 75%] \x1b[34m\x1b[1mNo patch step for 'micro_ros_agent'\x1b[0m\n"}
[57.918348] (micro_ros_agent) StdoutLine: {'line': b"[ 81%] \x1b[34m\x1b[1mPerforming configure step for 'micro_ros_agent'\x1b[0m\n"}
[57.930349] (micro_ros_agent) StdoutLine: {'line': b'loading initial cache file /home/deimos/deimosExNihilo_ws/build/micro_ros_agent/micro_ros_agent-prefix/tmp/micro_ros_agent-cache-.cmake\n'}
[57.938127] (micro_ros_agent) StdoutLine: {'line': b'-- Found ament_cmake: 2.5.5 (/opt/ros/jazzy/share/ament_cmake/cmake)\n'}
[57.940418] (-) TimerEvent: {}
[58.040763] (-) TimerEvent: {}
[58.135320] (micro_ros_agent) StdoutLine: {'line': b'-- Found Python3: /usr/bin/python3 (found version "3.12.3") found components: Interpreter \n'}
[58.140900] (-) TimerEvent: {}
[58.241195] (-) TimerEvent: {}
[58.341552] (-) TimerEvent: {}
[58.360076] (micro_ros_agent) StdoutLine: {'line': b'-- Found OpenSSL: /usr/lib/x86_64-linux-gnu/libcrypto.so (found version "3.0.13")  \n'}
[58.366018] (micro_ros_agent) StdoutLine: {'line': b'-- Performing Test CMAKE_HAVE_LIBC_PTHREAD\n'}
[58.441721] (-) TimerEvent: {}
[58.490879] (micro_ros_agent) StdoutLine: {'line': b'-- Performing Test CMAKE_HAVE_LIBC_PTHREAD - Success\n'}
[58.492354] (micro_ros_agent) StdoutLine: {'line': b'-- Found Threads: TRUE  \n'}
[58.499674] (micro_ros_agent) StdoutLine: {'line': b'-- Found rosidl_cmake: 4.6.7 (/opt/ros/jazzy/share/rosidl_cmake/cmake)\n'}
[58.501888] (micro_ros_agent) StdoutLine: {'line': b'-- Found rosidl_adapter: 4.6.7 (/opt/ros/jazzy/share/rosidl_adapter/cmake)\n'}
[58.515864] (micro_ros_agent) StdoutLine: {'line': b'-- Found fastrtps_cmake_module: 3.6.3 (/opt/ros/jazzy/share/fastrtps_cmake_module/cmake)\n'}
[58.517677] (micro_ros_agent) StdoutLine: {'line': b'-- Found rmw_dds_common: 3.1.1 (/opt/ros/jazzy/share/rmw_dds_common/cmake)\n'}
[58.541962] (-) TimerEvent: {}
[58.555126] (micro_ros_agent) StdoutLine: {'line': b'-- Found rosidl_generator_c: 4.6.7 (/opt/ros/jazzy/share/rosidl_generator_c/cmake)\n'}
[58.570467] (micro_ros_agent) StdoutLine: {'line': b'-- Found rosidl_generator_cpp: 4.6.7 (/opt/ros/jazzy/share/rosidl_generator_cpp/cmake)\n'}
[58.580636] (micro_ros_agent) StdoutLine: {'line': b'-- Using all available rosidl_typesupport_c: rosidl_typesupport_fastrtps_c;rosidl_typesupport_introspection_c\n'}
[58.601742] (micro_ros_agent) StdoutLine: {'line': b'-- Using all available rosidl_typesupport_cpp: rosidl_typesupport_fastrtps_cpp;rosidl_typesupport_introspection_cpp\n'}
[58.624081] (micro_ros_agent) StdoutLine: {'line': b'-- Found rmw_fastrtps_shared_cpp: 8.4.3 (/opt/ros/jazzy/share/rmw_fastrtps_shared_cpp/cmake)\n'}
[58.642206] (-) TimerEvent: {}
[58.667929] (micro_ros_agent) StdoutLine: {'line': b'-- Found FastRTPS: /opt/ros/jazzy/include (Required is at least version "2.13") \n'}
[58.670786] (micro_ros_agent) StdoutLine: {'line': b'-- Found ament_lint_auto: 0.17.4 (/opt/ros/jazzy/share/ament_lint_auto/cmake)\n'}
[58.673739] (micro_ros_agent) StdoutLine: {'line': b'-- Found ament_cmake_gtest: 2.5.5 (/opt/ros/jazzy/share/ament_cmake_gtest/cmake)\n'}
[58.674657] (micro_ros_agent) StdoutLine: {'line': b'-- Found micro_ros_msgs: 5.0.2 (/home/deimos/deimosExNihilo_ws/install/micro_ros_msgs/share/micro_ros_msgs/cmake)\n'}
[58.742338] (-) TimerEvent: {}
[58.802990] (micro_ros_agent) StdoutLine: {'line': b'-- Configuring done (0.9s)\n'}
[58.812484] (micro_ros_agent) StdoutLine: {'line': b'-- Generating done (0.0s)\n'}
[58.815946] (micro_ros_agent) StdoutLine: {'line': b'-- Build files have been written to: /home/deimos/deimosExNihilo_ws/build/micro_ros_agent\n'}
[58.842589] (-) TimerEvent: {}
[58.844188] (micro_ros_agent) StdoutLine: {'line': b"[ 87%] \x1b[34m\x1b[1mPerforming build step for 'micro_ros_agent'\x1b[0m\n"}
[58.897559] (micro_ros_agent) StdoutLine: {'line': b'[ 16%] \x1b[32mBuilding CXX object CMakeFiles/micro_ros_agent.dir/src/agent/Agent.cpp.o\x1b[0m\n'}
[58.898859] (micro_ros_agent) StdoutLine: {'line': b'[ 33%] \x1b[32mBuilding CXX object CMakeFiles/micro_ros_agent.dir/src/main.cpp.o\x1b[0m\n'}
[58.899274] (micro_ros_agent) StdoutLine: {'line': b'[ 50%] \x1b[32mBuilding CXX object CMakeFiles/micro_ros_agent.dir/src/agent/graph_manager/graph_manager.cpp.o\x1b[0m\n'}
[58.899418] (micro_ros_agent) StdoutLine: {'line': b'[ 66%] \x1b[32mBuilding CXX object CMakeFiles/micro_ros_agent.dir/src/agent/graph_manager/graph_typesupport.cpp.o\x1b[0m\n'}
[58.899847] (micro_ros_agent) StdoutLine: {'line': b'[ 83%] \x1b[32mBuilding CXX object CMakeFiles/micro_ros_agent.dir/src/agent/utils/demangle.cpp.o\x1b[0m\n'}
[58.942690] (-) TimerEvent: {}
[59.043079] (-) TimerEvent: {}
[59.143453] (-) TimerEvent: {}
[59.243869] (-) TimerEvent: {}
[59.344240] (-) TimerEvent: {}
[59.444630] (-) TimerEvent: {}
[59.545007] (-) TimerEvent: {}
[59.645348] (-) TimerEvent: {}
[59.745707] (-) TimerEvent: {}
[59.846078] (-) TimerEvent: {}
[59.946458] (-) TimerEvent: {}
[60.046854] (-) TimerEvent: {}
[60.147195] (-) TimerEvent: {}
[60.247568] (-) TimerEvent: {}
[60.347967] (-) TimerEvent: {}
[60.448348] (-) TimerEvent: {}
[60.548750] (-) TimerEvent: {}
[60.649224] (-) TimerEvent: {}
[60.749604] (-) TimerEvent: {}
[60.849978] (-) TimerEvent: {}
[60.950363] (-) TimerEvent: {}
[61.050692] (-) TimerEvent: {}
[61.151068] (-) TimerEvent: {}
[61.251486] (-) TimerEvent: {}
[61.351987] (-) TimerEvent: {}
[61.452461] (-) TimerEvent: {}
[61.552951] (-) TimerEvent: {}
[61.653423] (-) TimerEvent: {}
[61.753786] (-) TimerEvent: {}
[61.854265] (-) TimerEvent: {}
[61.954691] (-) TimerEvent: {}
[62.055150] (-) TimerEvent: {}
[62.155544] (-) TimerEvent: {}
[62.255963] (-) TimerEvent: {}
[62.356427] (-) TimerEvent: {}
[62.456899] (-) TimerEvent: {}
[62.557366] (-) TimerEvent: {}
[62.657815] (-) TimerEvent: {}
[62.758175] (-) TimerEvent: {}
[62.858567] (-) TimerEvent: {}
[62.959003] (-) TimerEvent: {}
[63.059403] (-) TimerEvent: {}
[63.159757] (-) TimerEvent: {}
[63.260189] (-) TimerEvent: {}
[63.360658] (-) TimerEvent: {}
[63.461023] (-) TimerEvent: {}
[63.561348] (-) TimerEvent: {}
[63.661785] (-) TimerEvent: {}
[63.673975] (micro_ros_agent) StdoutLine: {'line': b'[100%] \x1b[32m\x1b[1mLinking CXX executable micro_ros_agent\x1b[0m\n'}
[63.762033] (-) TimerEvent: {}
[63.862434] (-) TimerEvent: {}
[63.962880] (-) TimerEvent: {}
[64.063230] (-) TimerEvent: {}
[64.065724] (micro_ros_agent) StdoutLine: {'line': b'[100%] Built target micro_ros_agent\n'}
[64.103906] (micro_ros_agent) StdoutLine: {'line': b"\x1b[34m\x1b[1mNo install step for 'micro_ros_agent'\x1b[0m\n"}
[64.139016] (micro_ros_agent) StdoutLine: {'line': b"\x1b[34m\x1b[1mCompleted 'micro_ros_agent'\x1b[0m\n"}
[64.163483] (-) TimerEvent: {}
[64.182598] (micro_ros_agent) StdoutLine: {'line': b'Built target micro_ros_agent\n'}
[64.197085] (micro_ros_agent) CommandEnded: {'returncode': 0}
[64.197992] (micro_ros_agent) JobProgress: {'identifier': 'micro_ros_agent', 'progress': 'install'}
[64.198472] (micro_ros_agent) Command: {'cmd': ['/usr/bin/cmake', '--install', '/home/deimos/deimosExNihilo_ws/build/micro_ros_agent'], 'cwd': '/home/deimos/deimosExNihilo_ws/build/micro_ros_agent', 'env': OrderedDict({'LESSOPEN': '| /usr/bin/lesspipe %s', 'USER': 'deimos', 'XDG_SESSION_TYPE': 'wayland', 'CLUTTER_DISABLE_MIPMAPPED_TEXT': '1', 'SHLVL': '2', 'LD_LIBRARY_PATH': '/home/deimos/deimosExNihilo_ws/install/micro_ros_msgs/lib:/home/deimos/uros_ws/install/micro_ros_agent/lib:/home/deimos/uros_ws/install/micro_ros_msgs/lib:/opt/ros/jazzy/opt/rviz_ogre_vendor/lib:/opt/ros/jazzy/lib/x86_64-linux-gnu:/opt/ros/jazzy/opt/gz_math_vendor/lib:/opt/ros/jazzy/opt/gz_utils_vendor/lib:/opt/ros/jazzy/opt/gz_cmake_vendor/lib:/opt/ros/jazzy/lib', 'HOME': '/home/deimos', 'OLDPWD': '/home/deimos/deimosExNihilo_ws/src', 'DESKTOP_SESSION': 'ubuntu', 'ROS_PYTHON_VERSION': '3', 'GNOME_SHELL_SESSION_MODE': 'ubuntu', 'GTK_MODULES': 'gail:atk-bridge', 'SYSTEMD_EXEC_PID': '2765', 'GSM_SKIP_SSH_AGENT_WORKAROUND': 'true', 'DBUS_SESSION_BUS_ADDRESS': 'unix:path=/run/user/1000/bus', 'COLORTERM': 'truecolor', 'DEBUGINFOD_URLS': 'https://debuginfod.ubuntu.com', 'IM_CONFIG_PHASE': '1', 'WAYLAND_DISPLAY': 'wayland-0', 'COLCON_PREFIX_PATH': '/home/deimos/deimosExNihilo_ws/install:/home/deimos/uros_ws/install:/home/deimos/microros_teensy_ws/install', 'ROS_DISTRO': 'jazzy', 'LOGNAME': 'deimos', '_': '/usr/bin/colcon', 'ROS_VERSION': '2', 'MEMORY_PRESSURE_WATCH': '/sys/fs/cgroup/user.slice/user-1000.slice/user@1000.service/session.slice/org.gnome.Shell@wayland.service/memory.pressure', 'XDG_SESSION_CLASS': 'user', 'USERNAME': 'deimos', 'TERM': 'xterm-256color', 'GNOME_DESKTOP_SESSION_ID': 'this-is-deprecated', 'PATH': '/opt/ros/jazzy/bin:/usr/local/sbin:/usr/local/bin:/usr/sbin:/usr/bin:/sbin:/bin:/usr/games:/usr/local/games:/snap/bin:/snap/bin:/home/deimos/.platformio/penv/bin:/home/deimos/.platformio/penv/bin', 'SESSION_MANAGER': 'local/deimos-groundStation:@/tmp/.ICE-unix/2724,unix/deimos-groundStation:/tmp/.ICE-unix/2724', 'XDG_MENU_PREFIX': 'gnome-', 'GNOME_TERMINAL_SCREEN': '/org/gnome/Terminal/screen/da4f67b7_cb47_4a34_98b9_6cd861fe3923', 'GNOME_SETUP_DISPLAY': ':1', 'XDG_RUNTIME_DIR': '/run/user/1000', 'DISPLAY': ':0', 'LANG': 'en_US.UTF-8', 'XDG_CURRENT_DESKTOP': 'ubuntu:GNOME', 'XMODIFIERS': '@im=ibus', 'XDG_SESSION_DESKTOP': 'ubuntu', 'XAUTHORITY': '/run/user/1000/.mutter-Xwaylandauth.D0FTJ3', 'LS_COLORS': 'rs=0:di=01;34:ln=01;36:mh=00:pi=40;33:so=01;35:do=01;35:bd=40;33;01:cd=40;33;01:or=40;31;01:mi=00:su=37;41:sg=30;43:ca=00:tw=30;42:ow=34;42:st=37;44:ex=01;32:*.tar=01;31:*.tgz=01;31:*.arc=01;31:*.arj=01;31:*.taz=01;31:*.lha=01;31:*.lz4=01;31:*.lzh=01;31:*.lzma=01;31:*.tlz=01;31:*.txz=01;31:*.tzo=01;31:*.t7z=01;31:*.zip=01;31:*.z=01;31:*.dz=01;31:*.gz=01;31:*.lrz=01;31:*.lz=01;31:*.lzo=01;31:*.xz=01;31:*.zst=01;31:*.tzst=01;31:*.bz2=01;31:*.bz=01;31:*.tbz=01;31:*.tbz2=01;31:*.tz=01;31:*.deb=01;31:*.rpm=01;31:*.jar=01;31:*.war=01;31:*.ear=01;31:*.sar=01;31:*.rar=01;31:*.alz=01;31:*.ace=01;31:*.zoo=01;31:*.cpio=01;31:*.7z=01;31:*.rz=01;31:*.cab=01;31:*.wim=01;31:*.swm=01;31:*.dwm=01;31:*.esd=01;31:*.avif=01;35:*.jpg=01;35:*.jpeg=01;35:*.mjpg=01;35:*.mjpeg=01;35:*.gif=01;35:*.bmp=01;35:*.pbm=01;35:*.pgm=01;35:*.ppm=01;35:*.tga=01;35:*.xbm=01;35:*.xpm=01;35:*.tif=01;35:*.tiff=01;35:*.png=01;35:*.svg=01;35:*.svgz=01;35:*.mng=01;35:*.pcx=01;35:*.mov=01;35:*.mpg=01;35:*.mpeg=01;35:*.m2v=01;35:*.mkv=01;35:*.webm=01;35:*.webp=01;35:*.ogm=01;35:*.mp4=01;35:*.m4v=01;35:*.mp4v=01;35:*.vob=01;35:*.qt=01;35:*.nuv=01;35:*.wmv=01;35:*.asf=01;35:*.rm=01;35:*.rmvb=01;35:*.flc=01;35:*.avi=01;35:*.fli=01;35:*.flv=01;35:*.gl=01;35:*.dl=01;35:*.xcf=01;35:*.xwd=01;35:*.yuv=01;35:*.cgm=01;35:*.emf=01;35:*.ogv=01;35:*.ogx=01;35:*.aac=00;36:*.au=00;36:*.flac=00;36:*.m4a=00;36:*.mid=00;36:*.midi=00;36:*.mka=00;36:*.mp3=00;36:*.mpc=00;36:*.ogg=00;36:*.ra=00;36:*.wav=00;36:*.oga=00;36:*.opus=00;36:*.spx=00;36:*.xspf=00;36:*~=00;90:*#=00;90:*.bak=00;90:*.crdownload=00;90:*.dpkg-dist=00;90:*.dpkg-new=00;90:*.dpkg-old=00;90:*.dpkg-tmp=00;90:*.old=00;90:*.orig=00;90:*.part=00;90:*.rej=00;90:*.rpmnew=00;90:*.rpmorig=00;90:*.rpmsave=00;90:*.swp=00;90:*.tmp=00;90:*.ucf-dist=00;90:*.ucf-new=00;90:*.ucf-old=00;90:', 'GNOME_TERMINAL_SERVICE': ':1.262', 'SSH_AUTH_SOCK': '/run/user/1000/keyring/ssh', 'AMENT_PREFIX_PATH': '/home/deimos/deimosExNihilo_ws/install/micro_ros_msgs:/home/deimos/deimosExNihilo_ws/install/rover_teleop:/home/deimos/deimosExNihilo_ws/install/micro_ros_setup:/home/deimos/uros_ws/install/micro_ros_agent:/home/deimos/uros_ws/install/micro_ros_msgs:/home/deimos/microros_teensy_ws/install/micro_ros_setup:/opt/ros/jazzy', 'SHELL': '/bin/bash', 'QT_ACCESSIBILITY': '1', 'GDMSESSION': 'ubuntu', 'LESSCLOSE': '/usr/bin/lesspipe %s %s', 'ROS_AUTOMATIC_DISCOVERY_RANGE': 'SUBNET', 'QT_IM_MODULE': 'ibus', 'PWD': '/home/deimos/deimosExNihilo_ws/build/micro_ros_agent', 'XDG_CONFIG_DIRS': '/etc/xdg/xdg-ubuntu:/etc/xdg', 'XDG_DATA_DIRS': '/usr/share/ubuntu:/usr/share/gnome:/usr/local/share/:/usr/share/:/var/lib/snapd/desktop', 'PYTHONPATH': '/home/deimos/deimosExNihilo_ws/install/micro_ros_msgs/lib/python3.12/site-packages:/home/deimos/deimosExNihilo_ws/install/rover_teleop/lib/python3.12/site-packages:/home/deimos/uros_ws/install/micro_ros_msgs/lib/python3.12/site-packages:/opt/ros/jazzy/lib/python3.12/site-packages', 'COLCON': '1', 'MEMORY_PRESSURE_WRITE': 'c29tZSAyMDAwMDAgMjAwMDAwMAA=', 'VTE_VERSION': '7600', 'CMAKE_PREFIX_PATH': '/home/deimos/deimosExNihilo_ws/install/micro_ros_msgs:/home/deimos/deimosExNihilo_ws/install/micro_ros_setup:/home/deimos/uros_ws/install/micro_ros_agent:/home/deimos/uros_ws/install/micro_ros_msgs:/home/deimos/microros_teensy_ws/install/micro_ros_setup:/opt/ros/jazzy/opt/gz_math_vendor:/opt/ros/jazzy/opt/gz_utils_vendor:/opt/ros/jazzy/opt/gz_cmake_vendor:/home/deimos/deimosExNihilo_ws/install/rover_teleop:/opt/ros/jazzy'}), 'shell': False}
[64.208159] (micro_ros_agent) StdoutLine: {'line': b'-- Install configuration: ""\n'}
[64.208443] (micro_ros_agent) StdoutLine: {'line': b'-- Installing: /home/deimos/deimosExNihilo_ws/install/micro_ros_agent/share/ament_index/resource_index/package_run_dependencies/micro_ros_agent\n'}
[64.208701] (micro_ros_agent) StdoutLine: {'line': b'-- Installing: /home/deimos/deimosExNihilo_ws/install/micro_ros_agent/share/ament_index/resource_index/parent_prefix_path/micro_ros_agent\n'}
[64.208871] (micro_ros_agent) StdoutLine: {'line': b'-- Installing: /home/deimos/deimosExNihilo_ws/install/micro_ros_agent/share/micro_ros_agent/environment/ament_prefix_path.sh\n'}
[64.209040] (micro_ros_agent) StdoutLine: {'line': b'-- Installing: /home/deimos/deimosExNihilo_ws/install/micro_ros_agent/share/micro_ros_agent/environment/ament_prefix_path.dsv\n'}
[64.209203] (micro_ros_agent) StdoutLine: {'line': b'-- Installing: /home/deimos/deimosExNihilo_ws/install/micro_ros_agent/share/micro_ros_agent/environment/path.sh\n'}
[64.209351] (micro_ros_agent) StdoutLine: {'line': b'-- Installing: /home/deimos/deimosExNihilo_ws/install/micro_ros_agent/share/micro_ros_agent/environment/path.dsv\n'}
[64.209512] (micro_ros_agent) StdoutLine: {'line': b'-- Installing: /home/deimos/deimosExNihilo_ws/install/micro_ros_agent/share/micro_ros_agent/local_setup.bash\n'}
[64.209672] (micro_ros_agent) StdoutLine: {'line': b'-- Installing: /home/deimos/deimosExNihilo_ws/install/micro_ros_agent/share/micro_ros_agent/local_setup.sh\n'}
[64.209832] (micro_ros_agent) StdoutLine: {'line': b'-- Installing: /home/deimos/deimosExNihilo_ws/install/micro_ros_agent/share/micro_ros_agent/local_setup.zsh\n'}
[64.209976] (micro_ros_agent) StdoutLine: {'line': b'-- Installing: /home/deimos/deimosExNihilo_ws/install/micro_ros_agent/share/micro_ros_agent/local_setup.dsv\n'}
[64.210119] (micro_ros_agent) StdoutLine: {'line': b'-- Installing: /home/deimos/deimosExNihilo_ws/install/micro_ros_agent/share/micro_ros_agent/package.dsv\n'}
[64.210248] (micro_ros_agent) StdoutLine: {'line': b'-- Installing: /home/deimos/deimosExNihilo_ws/install/micro_ros_agent/share/ament_index/resource_index/packages/micro_ros_agent\n'}
[64.210396] (micro_ros_agent) StdoutLine: {'line': b'-- Installing: /home/deimos/deimosExNihilo_ws/install/micro_ros_agent/share/micro_ros_agent/cmake/ament_cmake_export_dependencies-extras.cmake\n'}
[64.210527] (micro_ros_agent) StdoutLine: {'line': b'-- Installing: /home/deimos/deimosExNihilo_ws/install/micro_ros_agent/share/micro_ros_agent/cmake/micro_ros_agentConfig.cmake\n'}
[64.210668] (micro_ros_agent) StdoutLine: {'line': b'-- Installing: /home/deimos/deimosExNihilo_ws/install/micro_ros_agent/share/micro_ros_agent/cmake/micro_ros_agentConfig-version.cmake\n'}
[64.210797] (micro_ros_agent) StdoutLine: {'line': b'-- Installing: /home/deimos/deimosExNihilo_ws/install/micro_ros_agent/share/micro_ros_agent/package.xml\n'}
[64.210928] (micro_ros_agent) StdoutLine: {'line': b'-- Installing: /home/deimos/deimosExNihilo_ws/install/micro_ros_agent/lib/micro_ros_agent/micro_ros_agent\n'}
[64.211107] (micro_ros_agent) StdoutLine: {'line': b'-- Set non-toolchain portion of runtime path of "/home/deimos/deimosExNihilo_ws/install/micro_ros_agent/lib/micro_ros_agent/micro_ros_agent" to ""\n'}
[64.211260] (micro_ros_agent) StdoutLine: {'line': b'-- Installing: /home/deimos/deimosExNihilo_ws/install/micro_ros_agent/share/micro_ros_agent/launch\n'}
[64.211411] (micro_ros_agent) StdoutLine: {'line': b'-- Installing: /home/deimos/deimosExNihilo_ws/install/micro_ros_agent/share/micro_ros_agent/launch/micro_ros_agent_launch.py\n'}
[64.213501] (micro_ros_agent) CommandEnded: {'returncode': 0}
[64.231808] (micro_ros_agent) JobEnded: {'identifier': 'micro_ros_agent', 'rc': 0}
[64.232970] (-) EventReactorShutdown: {}
